D.GVAREALPWln,D.tas,D.tas2,D.hotday.d,D.coldday.d,D.prec,D.precpd,D.CAPPWln,GVAREALPWln0
-0.007080273903088852,1.0767068841019949,19.51737218161567,12.4,-10.6,-27.078682120281485,-0.18528112565661825,0.0,3.969743414813322
0.0006131955083317209,1.0411947313548904,19.6291171876466,12.8,-9.799999999999999,-33.084917455430514,-0.17836819373671498,0.0,4.047878348556928
0.03564643113640553,0.9506829309162956,17.877816064506504,10.0,-9.399999999999999,-0.38727200348319,0.020354046444685414,0.0,4.0623009449234315
0.06389637132072723,0.9837408560484047,18.143120083181955,9.8,-9.2,-48.453693437430275,-0.36071702593899113,0.0,3.9372952136309896
0.0885495206591429,1.0913672782217727,20.513935734667186,12.600000000000001,-9.0,-29.2753976080823,-0.13791517452598434,0.0,4.031507529224695
0.052279633637825285,0.982898585491089,18.54516884458313,10.799999999999997,-9.2,-7.316922018149739,-0.0571869416337476,0.0,3.9580244764764263
0.019320637081029268,1.0457050368548675,19.310030979720736,13.0,-9.6,-12.602842404630053,-0.05798774419728958,0.0,3.9648774545221506
0.05165304204653065,0.9682727731621075,18.120761562828164,9.8,-8.8,-11.422441529935497,-0.05263347072320046,0.0,3.8520541667758614
0.010755172896151244,0.9159560052568363,17.51463820108566,6.800000000000001,-8.8,-25.438872947605603,-0.17251481523070322,0.0,4.087169167710456
-0.014780786964293302,1.0304409118702509,19.169195668840658,10.599999999999998,-9.4,-18.52769413831419,-0.12221301189687717,0.0,3.9145108145225547
0.0465160193784917,1.0032808490119294,18.47490981628789,11.400000000000002,-9.399999999999999,-26.49422459830913,-0.13658569041451085,0.0,3.9928952383254592
0.05141692662879205,1.0535149398050248,19.232015302058556,12.399999999999999,-11.2,-15.797474624116205,-0.06912110316639875,0.0,3.9081173421257533
0.05806265912826625,0.9896274249521184,18.32373896093263,10.0,-10.4,-30.95980908342335,-0.20071455379293401,0.0,4.011318934615295
0.03447287991914383,0.9351549464001145,17.740975780495447,10.399999999999999,-7.799999999999999,-40.92233425825566,-0.23255734224122482,0.0,4.133208977155024
0.012851727110886557,0.9851637414025785,18.39114919955024,10.200000000000003,-10.0,-20.201986946958186,-0.11378946981089078,0.0,4.089903483571904
-0.024775280755005902,0.928987813956974,18.151729855906325,8.600000000000001,-9.8,-26.208148209042633,-0.11500683289998914,0.0,4.399510294988496
0.01497152722962447,1.0878469354055103,22.068025984523445,9.599999999999998,-10.8,-29.85406548286909,-0.1179579102702768,0.0,4.570875461667168
0.20614818200715934,1.083626500215809,21.779919580602154,11.0,-10.399999999999999,-40.635020010570315,-0.1631863957427251,0.0,4.211730899193955
0.2917496213534756,1.075996784270103,21.55783284848775,8.600000000000001,-11.8,-46.98402255374532,-0.26450667754565393,0.0,4.699037869516466
0.03743932316250653,0.9999786232988832,19.67226378462412,9.200000000000003,-11.200000000000001,-28.956610085032082,-0.19561731763480283,0.0,3.9347077051160064
0.05090744568572525,1.0870618325443555,18.614996062007734,10.400000000000002,-6.999999999999999,-45.082047134015056,-0.1625411793206013,0.0,3.9428993771398937
-0.04086024196905136,1.1544563070633291,22.693044891636603,9.000000000000002,-12.0,-60.001351889870136,-0.19030494252832875,0.0,3.992678419534035
0.019477722726139124,1.0369171332196867,19.1521702574381,11.399999999999999,-9.8,-19.051567236360995,-0.03842542937122251,0.0,3.9411781973956916
-0.04422898561249822,1.0349810526701493,20.998463037135636,9.200000000000003,-10.599999999999998,-24.748828645718106,-0.14428753915698622,0.0,4.038530514666493
0.032107098885282515,1.1301842063768568,22.671603893355083,10.400000000000002,-11.2,-45.87966756116202,-0.1756773170227317,0.0,3.9983656619134824
0.017664763437454045,1.040967729191669,18.96578935278042,10.599999999999998,-8.399999999999999,-27.666888125751143,-0.091845069291697,0.0,3.9992862124715853
-0.0077034205017412205,0.9696256779354684,19.752550178420222,8.200000000000003,-10.2,-32.52198430326587,-0.14700102558525896,0.0,4.188270158843121
0.0035282387850887886,0.9427701531021988,18.962166309805028,10.0,-9.8,-10.96064404078794,-0.028869160408443895,0.0,4.0018514238889455
0.010624904993484563,0.9476304317464752,18.544962331713705,9.8,-9.0,-10.609659707531023,-0.076535890661388,0.0,4.124879072929108
0.010832531065912754,0.9888700948614932,19.295609184637115,11.399999999999999,-9.8,-14.369298371256605,-0.10444423187982221,0.0,3.956738286597521
0.06331036403941326,1.0030209180925311,18.657491772270447,10.200000000000003,-9.399999999999999,-18.860548671315712,-0.09726283897997301,0.0,4.052273829805293
0.03572712100494213,0.9968003361835773,20.58006364220401,9.8,-10.200000000000001,-23.083173168141855,-0.12566082565941206,0.0,3.9758142777708714
0.0688297562215534,0.9822682758478152,20.005345540980116,10.399999999999999,-8.8,-20.379997381154965,-0.09024977630321418,0.0,3.8936083706293148
0.0030561909820931987,0.9341413489633847,18.098416457917025,8.599999999999998,-10.6,-37.22642508632282,-0.16987590747339465,0.0,3.9981181394704803
0.06711836623781586,0.9950041089353228,19.222719951477913,11.399999999999999,-8.600000000000001,-30.174320257185684,-0.16754150415667368,0.0,3.900715121785904
0.014565986713706902,0.9210996538623899,17.77270957255135,7.0,-10.4,-37.495742740517244,-0.09068536741495858,0.0,3.9556192006557227
0.05637598262586119,1.030248419728947,20.0840639650432,10.2,-9.8,-35.336523322925416,-0.1588177801416395,0.0,3.8665004343454137
0.059164198210791774,1.007135140417093,19.494265075868512,10.400000000000002,-10.0,-34.655901697778006,-0.10001947549674295,0.0,3.887554345618334
0.03387963547397188,0.9813193651708065,19.138250148560516,11.399999999999999,-9.4,-10.661488907731098,-0.15442619214455422,0.0,3.8575619286035403
0.08377973246754733,0.9599750111775798,18.66250162136781,8.399999999999999,-8.8,-26.30443783057126,-0.16115965001571686,0.0,3.9163420933033364
0.08026483344471158,0.9106593737176301,17.57224518630197,9.2,-10.0,-34.339910986817074,-0.1711519542631199,0.0,3.936385256370905
0.04206664892487666,0.9471953793013927,18.18718216316445,8.2,-8.6,-36.01801857105875,-0.21107340796175889,0.0,4.022330224153859
0.03842210790754175,0.9747122752992414,18.54499301063143,9.2,-11.2,-30.16094916894224,-0.11795408809410057,0.0,3.907873141641502
0.0075579260706151175,0.9884050297896163,19.81038190956069,9.400000000000002,-9.799999999999999,-21.583957458343377,-0.14859237004707815,0.0,4.028195544611358
0.03232790610278613,0.9736705511802732,19.417253137758067,9.600000000000001,-9.2,-29.223594386867944,-0.1763404329520062,0.0,3.807219866404672
0.19570334490083408,0.9695337172261898,19.009325619965324,13.200000000000003,-10.2,-5.464882941329506,-0.11578760793591103,0.0,4.090652317208387
0.008127051492309079,0.829817880824935,16.480949626537864,6.399999999999999,-8.2,-0.6344567638502099,-0.06695481610809284,0.0,4.032091370442815
0.004209434836993875,0.8932847280781235,18.097785018176424,8.0,-9.8,-36.947940131503856,-0.12391151135437006,0.0,3.986660258259184
-0.038567650071494874,0.9040063272904852,17.976430944898482,10.2,-6.6,-28.32219722757776,-0.16054532975347913,0.0,4.0996559692412715
0.0794364677963717,0.8609990262771223,17.027160926839812,8.2,-8.399999999999999,-3.444777271523776,-0.04919972105542558,0.0,3.8922949241339175
0.046726869277043726,0.9306429122669009,18.32890591574052,10.600000000000001,-7.999999999999999,-18.373013178325152,-0.14301417074771106,0.0,3.860504084640828
-0.007669318826203586,0.8958213662213801,17.791092307943018,10.399999999999999,-8.8,-10.323023983892995,-0.03256965238333409,0.0,3.972227892208393
0.020244262092082188,0.9251795287284743,18.651913170176158,10.400000000000002,-11.000000000000002,-1.955379167609749,-0.08191376901314018,0.0,4.089519640120326
0.07756782999680967,0.8865565169221377,17.55060970609793,9.400000000000002,-7.6,-30.968061938031326,-0.18828769960084202,0.0,3.8820354842427762
0.020981905358993025,0.9108906162356778,18.580164756919814,9.8,-11.4,-4.074475195627258,0.0008517822510054618,0.0,3.9298278091814614
-0.007927912823766814,0.936372898963663,18.501954629349584,10.599999999999998,-7.6,-5.921222708537982,-0.048645303285239194,0.0,3.9454461409250388
0.07741557835518043,0.9047030731244767,17.887941580069352,10.0,-8.2,-15.814817473620792,-0.03932886741447472,0.0,3.8578044440243904
0.01611003475967676,0.9673894875792417,19.47144435930231,11.0,-10.8,-22.46409555432757,-0.06026649245304716,0.0,3.9577893557003856
0.03044998936015242,0.9519532523487175,18.972214987109965,10.600000000000001,-9.399999999999999,-6.414036144985175,-0.0410298168168548,0.0,3.9864237097430073
-0.11471203617539505,0.9347915583232016,18.61231839343263,10.399999999999999,-7.199999999999999,-14.394327393269236,-0.11247591938778845,0.0,4.280815915062647
0.10669811412461305,0.8666172588656558,17.037848255229534,8.599999999999998,-6.199999999999999,-37.35032419111104,-0.20844675440857174,0.0,3.826965396871764
-0.00938195702995337,0.986060965548198,19.58246260025284,10.2,-9.8,-22.221597318761724,-0.15108739363850487,0.0,4.200702925747983
-0.002980007893108816,0.9857982586414753,19.713581082423232,11.799999999999999,-7.800000000000001,-9.627901315783788,-0.11393792871757547,0.0,3.9796823870370335
-0.02681117330596905,1.0721551293471094,23.968178394442575,11.8,-9.399999999999999,-58.8818117318732,-0.2335850403232289,0.0,4.402054934552519
-0.04701921923475627,1.1171018103024402,25.041489712311545,11.6,-10.4,-44.331771027774664,-0.13255078963449596,0.0,4.208242396883312
-0.07799128095142205,1.1082154605386414,24.034506443134347,11.600000000000001,-9.8,-69.36353919879542,-0.22285771785586128,0.0,4.242814822619898
-0.002273706276054277,1.0794965216042645,24.013487728635596,12.399999999999999,-9.599999999999998,-69.25193548757147,-0.24841212122180134,0.0,4.15143567341427
0.00403723029177705,1.0398134946215318,22.770234913301664,13.399999999999999,-9.8,-38.051563584499775,-0.17005654468601095,0.0,4.010832605285842
-0.030574149631221736,1.1016101323346934,24.27822783712351,11.600000000000001,-10.0,-49.792060702148774,-0.14490859614617202,0.0,4.174262155100426
-0.041064639731274166,1.110817119366681,24.63881064801285,12.0,-11.0,-46.164554788149246,-0.10773924146166802,0.0,3.9998315637942268
0.041317130667844815,1.0651151315744674,20.87589071903193,11.400000000000002,-9.200000000000001,-59.873226594461926,-0.20429633650872736,0.0,4.001013652112237
0.07832518976973057,1.060158282753708,22.27896579414417,12.000000000000002,-9.6,-37.66867994799236,-0.20783439023913042,0.0,3.995734275103707
0.02412207822888046,1.072279066099247,21.412153059252503,11.399999999999999,-9.200000000000001,-40.699266925070674,-0.1203858594509093,0.0,4.137766492538808
0.040720340654408105,1.0347465076415219,22.505698580063466,10.0,-10.6,-46.939007501878564,-0.17966380427878437,0.0,3.945249160749589
0.017744666941879927,1.0765281131306175,23.072185490651606,12.8,-9.799999999999999,-52.82187039481755,-0.2713502268326682,0.0,4.1765544505255
0.0025050656999159315,1.04991964976732,23.35744635036221,12.0,-9.399999999999999,-57.4493849319324,-0.24881752824896708,0.0,4.3167997133795755
0.0012065663855844733,1.0469335810104923,22.927276107322115,13.2,-10.200000000000001,-55.907513717072504,-0.18812607185973573,0.0,4.011292898462877
0.013567035279314688,1.0835158391564814,23.86018394723699,11.8,-10.0,-51.01682438025779,-0.19058098811083246,0.0,4.010128093929507
-0.06769735194996152,1.0168628473655303,22.09751211033766,12.2,-10.799999999999999,-25.500702091809273,-0.11278643813725187,0.0,4.496166920534693
0.03668497971488183,1.052593716721864,23.879912425434725,12.0,-9.000000000000002,-43.14590299565515,-0.13788198224917636,0.0,4.227522719930358
0.04800895972506414,1.0693139262438702,23.93948572347719,11.8,-8.8,-40.12876352563575,-0.18427001493044814,0.0,4.390468112069361
0.04496536851248578,0.8722625456126849,17.356838977772824,9.599999999999998,-9.0,-53.12781720000976,-0.179366593233512,0.0,4.033920763503916
-0.009096086910313606,0.9963758812821641,20.901449816911295,12.8,-8.6,-53.66625372106819,-0.1388881154193944,0.0,4.008584745242039
0.0689027666287938,1.0089834206835384,22.1993290207665,11.200000000000001,-9.2,-48.60026938347846,-0.12837366241867576,0.0,4.206981228409141
-0.0025810717526164595,0.9892831334235925,18.178552414186257,11.400000000000002,-8.399999999999999,-14.18216434588021,-0.06388930092174627,0.0,3.9815941485389734
0.0415814491951525,1.0383896403744775,22.681922121030112,13.400000000000002,-8.8,-32.01797203724618,-0.12976352694309834,0.0,3.9010623782037936
0.024883963317469338,1.04620708139411,19.93058316333989,10.399999999999999,-9.2,-63.59401604060986,-0.1225676124915469,0.0,4.035434269355816
0.06607901605372124,1.051146972427416,21.91666809737697,12.200000000000001,-9.2,-51.70768458964369,-0.19124563190499,0.0,3.9880966124881256
-0.026179320914216042,1.0245133369721646,21.62177453466245,11.2,-10.200000000000001,-38.22245589941764,-0.10810439415611817,0.0,4.09613261209659
0.035293442559616306,1.0863378034516629,23.765111593936567,11.2,-10.399999999999999,-56.09550546322913,-0.24073290742600917,0.0,3.815540806897844
-0.06103199646479407,1.1011420844361162,23.841804968587766,12.0,-10.399999999999999,-73.06031251099296,-0.19144471655117767,0.0,4.138560574132701
-0.11335306888321295,1.0051169113959553,21.05165899649846,11.2,-9.400000000000002,7.325887579881794,0.019524812820688853,0.0,4.272487314562825
0.03728755705449993,1.04713905950892,21.812273866755476,10.0,-10.400000000000002,-27.7889957098713,-0.11475010824011544,0.0,3.9875033881711652
0.031274734677114946,1.0142272550568077,21.114449075003506,10.399999999999999,-9.799999999999999,-2.7081607739126525,-0.006336381553135428,0.0,3.94630137568329
-0.012558684985334523,1.0537509184563394,22.392235013267296,11.6,-11.4,-54.805777808826235,-0.2127946071364326,0.0,4.021217052453534
0.06422112636404576,0.9926645853450982,20.49681950283569,9.400000000000002,-9.8,-15.80260587204424,-0.08737147171164894,0.0,3.944747432551258
0.02421373442907182,0.9754077343390204,20.327512009763083,9.399999999999999,-9.6,-19.759691247125772,-0.08932526734952728,0.0,4.0029812074668385
-0.0013054172972717382,0.9174200188813835,18.231513355042466,8.399999999999999,-10.6,-17.985113424435553,0.002860936610579845,0.0,4.011372029697654
0.02001470083097434,0.9090056468615018,18.544802050271983,9.2,-11.0,-18.05796339454787,-0.01501764569993469,0.0,4.1727087072619
0.04608188695460491,0.9499126235138053,19.128055673632474,9.6,-10.2,-12.000067787644355,-0.15251040530561832,0.0,4.004294194436228
0.028237448834929957,0.9974923295549321,18.62024660781276,10.2,-9.0,-25.213141352068703,-0.07311749577895355,0.0,3.926464422402365
0.05433303802033773,1.0076171006672965,19.62288385065945,12.400000000000002,-9.399999999999999,-20.836214533558746,-0.12365205163239512,0.0,3.976946029986877
0.05731103739902732,0.9236657985840289,18.93850998859085,10.399999999999999,-9.6,-16.412213688397117,-0.03992351749814582,0.0,4.1102767197416545
0.037790730228675073,0.9804581656632383,18.864263137602492,10.2,-8.799999999999999,-36.5583667497217,-0.1029561963649519,0.0,4.003302999448927
0.007158382187069101,1.108440755218826,23.492698465585576,14.0,-10.200000000000001,-77.74011776634529,-0.3246853977270532,0.0,4.005535336309462
0.03320690710744678,1.0415401259332118,21.63407274461315,12.200000000000001,-10.0,-55.28989573100165,-0.20529769150634136,0.0,4.049051014983444
-0.002026889489610717,1.0691158733599444,21.229582488075835,11.799999999999999,-9.799999999999999,-103.10331032609997,-0.3898709603944721,0.0,4.024189263522847
-0.03537293838570399,1.020057225920322,21.42830557430807,11.2,-9.600000000000001,-36.25905771180305,-0.20211559266176526,0.0,4.019764661369588
0.0539408510629813,1.0718828391464506,22.665149405871233,13.6,-11.0,-81.64679977026617,-0.3284896542300273,0.0,3.8988351760086357
-0.0026220824671288057,1.079993074518855,21.728151215867783,12.399999999999999,-9.600000000000001,-68.17802538364049,-0.16569889042621444,0.0,4.04676112823353
0.04083397061363492,0.9802577118627003,16.20052504464047,12.400000000000002,-7.8,-52.52292972471855,-0.14830096891813338,0.0,3.955556281186773
0.03867423057323904,1.0356924905688292,18.755441041122452,11.6,-9.400000000000002,-79.03764100132014,-0.23125108768937253,0.0,4.048896262763166
0.082445241219951,0.9949122220993534,16.93114468100326,11.8,-8.2,-63.88829899070424,-0.16175520785959918,0.0,3.991633141028632
0.011551108753351969,0.9956847680955523,16.768896788579198,9.2,-8.600000000000001,-47.87551320045338,-0.08780460033643056,0.0,4.0786311161020095
0.034000128739750224,0.9479395602248708,18.545993563692534,11.200000000000003,-8.6,-31.7603386941816,-0.21588148563457144,0.0,4.045342544467099
-0.00808034351632525,1.025082973049523,21.22906235121998,11.200000000000001,-10.2,-56.52999600436294,-0.21658413844265656,0.0,4.057976763425141
0.11797410397012165,0.9574195040475786,20.56013207267165,9.4,-9.799999999999999,-42.15987150929476,-0.0998621590620532,0.0,4.266791087088759
-0.0696428141140073,0.9967281753963881,22.36638620189136,8.0,-8.8,-11.487685738456776,0.06770163832056753,0.0,4.5087019245090225
-0.06759964974823518,1.003472902697082,22.384548978713795,7.600000000000001,-10.399999999999999,-7.350937852420714,0.062048027857572574,0.0,4.160536017176695
0.00058340692871095,0.8374029968645047,17.941598448809685,5.399999999999999,-9.600000000000001,-18.95470751552807,0.10444696492025263,0.0,4.387182049387297
-0.07561309615412704,0.861537818001457,18.348372053736014,5.200000000000003,-8.0,-22.210641719683395,0.05040567308432076,0.0,4.165074654336199
0.024201146297204268,0.955704127861928,20.328736991264492,7.399999999999999,-8.2,-35.76537586078064,-0.07868799187734443,0.0,4.1443618952689985
0.09178242048394125,0.956088763707239,21.46315898896657,9.799999999999997,-9.0,-44.070548076745695,-0.08810870961258344,0.0,4.333931283429559
-0.06519796203810557,0.9891229710452976,18.599714755262013,8.0,-9.2,-10.248618868485778,0.1362536994583161,0.0,4.409533193687502
0.016213384153243915,1.0089146240061968,19.39887129785413,9.799999999999997,-8.2,-26.62093215674156,0.009745953495659432,0.0,4.212449289245306
-0.05129194840665985,0.9291266603078334,19.750771636316102,6.600000000000001,-10.6,-11.695900352538956,0.08512253935297842,0.0,4.521831253779869
-0.004980253465579398,0.9376501845203613,18.53686738857823,6.600000000000001,-7.8,-9.061811332463094,0.1843207417000734,0.0,4.003661449753559
0.029218688953879912,1.0134854935579618,22.196727070502504,8.0,-9.600000000000001,-18.803539130973945,-0.010789508655439706,0.0,4.2700712720523395
-0.016103453017636937,0.9271628283394051,18.09949832667101,8.400000000000002,-9.600000000000001,-24.32899110786167,0.07175146223364526,0.0,4.093987687648889
0.040516874224565846,0.9968941127957045,20.41954913771326,9.2,-9.399999999999999,-20.12213201181669,-0.011839765866544338,0.0,4.092516685542261
0.0024701668077513617,0.9997008632631292,19.56580735306558,9.399999999999999,-11.0,-17.11885812761568,-0.05328071684216962,0.0,4.082555803150867
-0.0016051827437824073,0.994846387827323,18.150709751607835,11.399999999999999,-9.2,-34.769490700830374,-0.1068180303011983,0.0,4.063612939470574
0.03753224125899468,0.9932775254681214,19.127415103537913,11.200000000000003,-11.8,-29.71760348629789,-0.01874878288356685,0.0,4.008100720567675
0.03203376251243917,0.9898489962480195,18.04593098541683,11.399999999999999,-8.799999999999999,-14.920758371496731,-0.022941232483775442,0.0,4.100815859726124
0.02204979881711866,0.9981016931235231,17.73194247644126,8.400000000000002,-8.6,-20.01269283081149,0.03134139536712133,0.0,3.954624975914959
0.014711422788752593,0.854914011120032,16.444375132606353,5.0,-8.799999999999999,-25.801815161673858,-0.1227104850958769,0.0,4.045247344270278
-0.009030949856802195,1.0072857552591685,17.583452343629588,9.400000000000002,-8.0,-26.161626696912947,0.07083645906617986,0.0,4.0276631237181055
-0.07279059873095406,1.0361246034689575,18.62087559548499,10.2,-9.4,-20.253757365753074,-0.017009920062901918,0.0,4.1597133117429275
0.1181671416081036,0.9574576189250745,17.63027753850291,8.8,-8.4,-25.3766156452416,-0.06931966370223819,0.0,4.0246339948697525
0.026387250586332733,1.0019392562893916,18.249343989429846,9.400000000000002,-9.0,-27.99869348889564,-0.05915628173258569,0.0,4.07310946291939
0.04647318923669008,0.9759499632986319,16.76803368082392,10.399999999999999,-8.4,-38.847417145406894,-0.12185244981550758,0.0,4.019480280026429
-0.010433098519352146,1.047148498884713,18.555504907698193,10.599999999999998,-8.8,-33.49371567688604,-0.1016545504627584,0.0,3.9314239924840595
-0.010594619269205019,0.7645776249104763,16.226505894355626,7.0,-11.2,-8.544267350596158,0.08716563223092777,0.0,4.133056240716068
0.06306755511083884,0.9625529470447596,18.153255185996358,11.400000000000002,-8.4,-19.032429923410916,-0.03102350310986579,0.0,3.905953409110936
0.04126021557339943,1.0069782202646138,19.254208944106466,8.600000000000001,-9.0,-60.798170723363796,-0.175472067488613,0.0,3.931298095798608
0.06226724994132571,0.9338893374282975,18.812783129389558,8.399999999999999,-8.8,-7.686604851049196,0.0516159737551567,0.0,3.926978453543819
0.05953775379489068,1.0013813847935893,18.15614812858901,8.799999999999997,-8.0,-17.83036365070643,-0.017670667763858283,0.0,3.880154718123549
0.024042385628078478,0.8776574729428379,16.889146355888386,8.400000000000002,-9.4,-22.160992474840498,0.023711643832974305,0.0,3.8979996268804955
0.06485490972412133,0.8866249624510711,17.555356437648427,9.2,-9.4,-9.198940343673371,0.09415746301014938,0.0,3.9992750780533743
0.05157725536101765,0.9917682864789512,19.917938784070273,9.599999999999998,-10.000000000000002,-20.113621103943274,-0.02160448459800124,0.0,4.0241354940189975
0.05255466904240125,0.7924309731038672,14.74406795740633,6.600000000000001,-7.3999999999999995,-15.91147763036355,-0.0024247565110919744,0.0,3.9531838315797496
0.059586917444736986,0.8944827878343773,17.364029583245554,10.2,-9.6,-23.710082843139958,-0.012139191303971675,0.0,3.9533572163127073
0.07272066323856263,0.953852749504744,17.748698784514275,10.0,-7.6,-41.6411000365689,-0.07593999775901339,0.0,3.9755905443319874
0.025215254346472538,0.8744541092226434,18.30257750972484,10.799999999999997,-8.600000000000001,-0.18022034284570054,-0.009721847797655503,0.0,3.9282332745936035
0.06832968116131655,0.850232837882885,16.636666534759115,7.399999999999999,-8.4,-7.711116283199772,-0.04348413689550701,0.0,3.8937812427253866
0.07117248395315956,0.7573033396657021,13.606879514886728,8.2,-6.200000000000001,-8.775452188426414,0.025128431324531686,0.0,3.9711029698774936
0.06670681047687932,0.9619005813966517,16.629616953077047,10.8,-7.6000000000000005,-16.58261228894054,-0.11003972509180415,0.0,3.9147685992737884
0.17524328204345663,0.9144489637848885,18.090225075836315,10.599999999999998,-7.4,-9.2921751483442,-0.014431831549897911,0.0,3.768810733375325
-0.018494508632892703,0.9245804442375487,20.84186999618973,6.600000000000001,-9.2,2.774605883252036,0.19628455383510768,0.0,4.119928287481696
0.06272135680712365,0.8999061266951234,18.593936891290184,6.600000000000001,-7.199999999999999,-55.8369856958642,-0.12421921241140232,0.0,3.982285046445614
-0.0005242482859380004,0.9467083757748362,20.13817225975319,8.199999999999996,-6.0,-18.12765679146969,0.040475113062519164,0.0,3.922711922125945
-0.01341735189556914,0.8725039782743576,19.754145914848948,5.0,-8.6,4.764890570504008,0.18800532512170665,0.0,4.552426046491663
-0.03484911243428801,0.8991507172667053,20.09277835218687,6.400000000000002,-9.799999999999999,-38.175128994084844,-0.03861225859126405,0.0,4.220780882872133
0.016422295487885208,0.9652159408456811,20.91765934656989,9.399999999999999,-6.799999999999999,-35.88162448826705,-0.17124294195095424,0.0,3.893292408002664
0.01909236142527737,0.9182544051020081,18.596563652785193,5.799999999999997,-5.2,-24.067654419941732,0.0179951224611945,0.0,3.8500070980633816
0.015043786356647715,0.8510840438657254,19.54509684012163,5.800000000000001,-7.6,-44.895312433825495,-0.09457536864155269,0.0,4.026101290377119
0.06666512466661167,0.9531996470657642,21.1346260721794,6.800000000000001,-9.4,-39.79504123186928,-0.11008383952834788,0.0,4.034148344085529
0.10103476286600888,0.8089003592341086,16.579332159322277,8.600000000000001,-5.6000000000000005,-32.38861165718072,0.011115945483506806,0.0,4.017769191256195
0.020735349083656374,0.975072686926941,21.094712948587514,8.2,-9.399999999999999,-29.269915123926694,-0.04335046049597446,0.0,4.025222800704085
-0.016534589538479416,0.9712539346434728,20.84267106075876,8.400000000000002,-7.800000000000001,-41.95672723268558,-0.12644670202163155,0.0,3.946764925926824
0.08797603807270393,0.9724159831232058,19.969931257163438,7.600000000000001,-9.399999999999999,-16.99872820608641,0.04712324381496091,0.0,3.9822904564633608
0.09371008649350099,0.8379580352057516,19.2412279898211,9.2,-5.0,-35.377233603611785,-0.003956085872548698,0.0,4.108623902340906
0.025739761545620965,0.9512628970196513,19.318951046488166,8.200000000000003,-7.0,-52.79226271095342,-0.04230279575857754,0.0,3.9449917618543537
0.08766817935119242,1.0082271596703247,19.715026989302316,9.399999999999999,-7.4,-14.082563809621831,0.049677762749946286,0.0,3.8817117732497657
0.033711663539589765,0.9190727362793272,20.004232355014693,7.9999999999999964,-5.3999999999999995,-18.186760191345,0.08310233181440041,0.0,3.9725795178869197
0.05092705335239378,0.8882827828299131,20.2097737741893,7.0,-8.0,-44.49365047154498,-0.09995163928864681,0.0,3.979962815971834
0.0899239178229152,0.942643717013155,20.516565321621698,7.800000000000001,-10.0,-25.98777797537855,-0.026753282223391794,0.0,4.308219777533448
0.07833085909239612,0.889805354779492,18.259848463068096,8.000000000000004,-5.6,-37.29920185119869,-0.005336450901296086,0.0,3.9207828080063276
0.01641742785716538,0.7765669833514188,16.130512528958747,6.0,-4.6000000000000005,-67.45751742010026,-0.1370840662171091,0.0,4.468452036276888
0.1622789225235728,0.9068761878238014,17.267731589691152,6.399999999999999,-5.4,-28.742449535113337,-0.04548443496703203,0.0,4.377833257599576
0.01739455015690794,0.8628960052724839,17.330908115966878,6.0,-5.4,-59.91369780925595,-0.059656932254868345,0.0,4.188482484023612
0.02297349204511434,0.7901740228263581,14.265569600428549,4.0,-6.4,-63.48165760910388,-0.03497665749891876,0.0,4.063920880615737
0.07139186719825918,0.92504545617345,19.617240526996838,8.8,-4.800000000000001,-50.123370696919494,-0.05837005074173085,0.0,4.313748567920086
0.025867764068358667,0.8164657464212013,16.4464525719153,5.199999999999999,-5.4,-64.87285896196192,-0.10963819687625875,0.0,4.102406845852772
0.13796836841825977,0.9338687408078847,20.402018561203747,7.800000000000001,-6.4,-19.259991996698034,0.02819665090955903,0.0,3.9703950530827954
0.1602462043271009,0.9544360615170149,20.179011904937738,8.0,-6.0,-15.65851256654338,0.05391217344662236,0.0,4.365071542842108
0.06580701392827848,0.9906831433910988,20.040030774353852,7.199999999999999,-5.6,-8.713563416310649,0.05229778503558835,0.0,4.132931678691232
0.08269113445549792,0.9443330245203327,17.762706264794687,6.0,-6.2,-24.952798652472666,-0.002946894478855544,0.0,4.083840593626389
-0.005542834370930727,0.9648249227756622,18.967610542046813,7.399999999999999,-6.4,-23.309240342310773,-0.007789855369586984,0.0,4.050186630405835
0.020294494119496242,0.8328512399835191,14.355096190549688,2.6000000000000014,-6.3999999999999995,-20.787631491395018,-0.13493297844665886,0.0,4.108873321066424
0.08948738451801308,0.9052384335851666,16.16489814963667,4.400000000000002,-7.6,-40.235572881147846,-0.04202491581142409,0.0,4.148314349834952
-0.012343458046003342,0.8050839826113094,16.631972037524903,9.0,-4.8,-53.731346481274386,0.16118592850126445,0.0,4.115901446029755
0.03933941791053197,0.8664289955584774,19.637052806013827,8.8,-6.0,-65.72837543941,-0.09795705520755416,0.0,4.2565611509085794
0.00013591424549996844,0.8938511923856627,19.7236554571668,7.799999999999997,-6.199999999999999,-49.35447565895663,-0.03598544833800732,0.0,4.197467182252678
0.047143267355860274,0.8248338228342149,16.73406937617223,8.8,-5.3999999999999995,-47.14093467071973,0.15910839423704592,0.0,4.212251075059505
0.003965528548712349,0.7352717672645692,16.105757219003266,4.600000000000001,-8.600000000000001,5.166901871236064,0.3383960330618896,0.0,4.132284153701597
0.01966289290557377,0.858364695044342,19.60084775113245,5.199999999999999,-8.6,-14.55080097847457,0.09716754279973605,0.0,4.266376022998804
0.04105344401481137,0.9739211810837496,18.892473387747756,6.399999999999999,-7.200000000000001,-4.362661651181838,0.09638655435574561,0.0,4.000543769319727
0.01962612647083173,0.8540065119178095,18.486506924878555,7.800000000000001,-8.0,-5.893097512687746,0.18706722175538704,0.0,4.220339403703157
-0.023725545469060805,0.9654244697837644,18.883512210108393,10.0,-5.6,-44.77784005498398,-0.02757301646718302,0.0,4.064489170835979
0.029903463388271767,0.9869322158407101,17.04669340138922,8.2,-6.3999999999999995,-18.38004144834622,0.07233656107048736,0.0,4.0328029702932
0.05224285903333836,0.9484592136951022,19.052887391528998,8.8,-5.800000000000001,-53.93198598926165,-0.07233701823656813,0.0,4.057273934794263
0.08256746153824235,0.9902351025808347,16.65451330631305,8.8,-6.6000000000000005,18.719788742041487,0.27251613924475615,0.0,4.052441243652102
0.008779864749052457,0.8861219705133436,18.173442105457852,10.8,-5.6,-65.32447115228081,-0.19124393991062671,0.0,4.051346726690902
0.04855201006923382,0.9180840143031066,16.432118128028748,10.0,-6.0,-16.91962203822584,-0.13151135260263658,0.0,3.965851030318872
0.0895838424777704,0.8374799613251298,16.945406305167737,11.399999999999999,-5.0,-26.52155344618052,0.06480350460357442,0.0,4.001592284310837
0.005823809911381872,0.8655476318829738,17.596531918157027,11.0,-4.6,-27.024339118278476,0.1673685081760583,0.0,4.090737477705773
0.07811519457729066,0.9650168504066965,16.461854159351788,8.0,-5.8,-21.26727424318028,0.026831452511709486,0.0,4.1146851135539
0.06731987356990965,0.9298823153405049,14.465979970548602,7.599999999999998,-6.2,-21.903838080933838,-0.10159732330142734,0.0,3.998127019368287
0.08123749276540515,0.8540269119460682,13.87873906183247,4.800000000000001,-5.6000000000000005,-37.90645247416853,-0.03446872068446538,0.0,4.1074454571064
0.0191092670614621,0.8652072050500728,16.262896774786725,8.0,-6.0,-22.57646855520693,-0.20352884366669666,0.0,4.043423633024351
-0.016607116269053535,0.9010039924778628,16.69862874779082,10.599999999999998,-6.800000000000001,-20.57150397009309,0.03336806063637798,0.0,4.1156038589109825
0.05419861248890179,0.9229214664472956,15.766425092515234,10.2,-6.799999999999999,-18.28237799414876,-0.08127605918462333,0.0,3.9944270728881026
0.034422067381695065,0.8525270978141402,13.967976404869333,7.600000000000001,-5.6000000000000005,-41.323375882162736,-0.015275721926568675,0.0,4.107205843796645
0.010805033327956792,0.9087088303263329,17.65311119437031,6.0,-6.199999999999999,-45.97671485729154,-0.0668776732482459,0.0,4.014932086789583
0.05502773009716044,0.8320271258973193,13.76992356807736,4.799999999999997,-5.800000000000001,-64.24275688733792,-0.11289666709011836,0.0,4.041954896782134
0.05864591298808364,0.5870531318586494,10.456502121541291,-2.3999999999999986,-5.800000000000001,-50.30180020818676,0.012859799119930848,0.0,4.132034706688051
0.066788573321797,0.7370761010530007,12.432978745122341,1.5999999999999979,-5.8,-36.26934614999834,0.015102769792579185,0.0,4.122936475333265
0.10066141648460114,0.8145024967981449,14.035172318469506,3.0,-5.8,4.6059197232940505,0.1622634442323192,0.0,4.255475965094783
0.0909375752311794,0.82942794058998,16.12850246726086,7.199999999999999,-7.6000000000000005,10.450756564291623,0.042199429987192616,0.0,4.2202793968977295
0.0932933930915043,0.8373758686810735,14.560724319048546,6.199999999999999,-7.999999999999999,19.71019214279886,0.3764551377904777,0.0,4.100074581475814
0.09572251624090988,0.8270912135526469,13.54855189477319,5.600000000000001,-5.0,-27.55310346342037,-0.19653600280815353,0.0,3.9891726397120735
0.2712190058639994,0.9311865775970247,17.738261621030475,5.199999999999999,-5.4,-42.074043710717206,-0.10226663223317356,0.0,4.519923947664886
0.046560170707638626,0.8881993226367051,17.272126233512083,3.400000000000002,-6.3999999999999995,-31.29778205298817,0.0548334483123738,0.0,4.456855685768677
0.04128770113910729,0.8790084513702414,16.727283797246926,4.0,-6.799999999999999,-22.345358068036262,-0.23864349644190463,0.0,3.987639120120548
-0.06830351719205652,0.8409743723949603,16.213443419429495,5.400000000000002,-5.0,-17.534898447435125,0.04462894194492906,0.0,4.362344946543468
0.08676370376905451,0.7776043317096235,11.98424760227477,1.1999999999999993,-7.8,69.19032620103178,0.3924083628485566,0.0,3.908845178924447
0.05041564831310463,0.853668260468142,13.91012259022623,5.0,-5.999999999999999,12.38063466750043,0.24735504119332719,0.0,3.9803401467345996
0.0384721875977414,0.885158860046193,16.43490745910549,4.0,-5.6000000000000005,-32.67326453946987,0.0583539330488545,0.0,4.062298988533115
-0.005325116461453838,0.8666931103889368,15.8217410531132,4.0,-4.800000000000001,-25.053925456490333,-0.050442431496675155,0.0,4.197397725320734
0.08459170554986706,0.9509974976005608,17.366630601647756,5.799999999999997,-6.2,-23.080600936757207,-0.011209822939740155,0.0,4.129614647319546
0.0025144956335729773,0.8010778522303088,14.84241978029172,4.199999999999999,-4.6,-48.112068502126704,-0.16585350572532853,0.0,4.086676392951671
0.005520195376909953,0.7934519876452999,14.647322350124554,3.0,-5.0,-46.338105051263824,-0.1575901149421508,0.0,4.209602534764604
0.07522364925719582,0.8726265975656045,15.830122609787267,4.199999999999999,-7.4,-15.808727747147714,0.0446098704236797,0.0,4.072036849775916
0.033758550820761624,0.7614254026368075,10.354162780392954,4.399999999999999,-9.8,44.89521168032388,0.37304678860523355,0.0,3.877039117182697
0.0990588285651679,0.7529462360150934,13.071025574843318,2.8000000000000007,-6.6,-13.909895545488666,-0.01715331406936471,0.0,4.043000868489664
0.06630621299518058,0.915712579234933,14.11487395051904,5.800000000000001,-7.4,19.68510604316839,0.15897923494510735,0.0,4.012131393119161
0.05480750643601606,0.8620135019268442,15.914417951915496,4.600000000000001,-5.2,-38.19269763053319,-0.10892574825665058,0.0,4.026458998626624
-0.060073413338945336,0.8980833744984285,16.271368268401034,4.400000000000002,-5.3999999999999995,-30.548083605037164,0.03181167260147699,0.0,4.775945747456891
0.035458599576268846,0.9138924275821445,17.074177218110947,3.6000000000000014,-6.999999999999999,-19.215461178685416,-0.025816509293844936,0.0,4.167339547572028
0.0003978321525046624,0.8784638940616247,16.432295331760315,4.800000000000001,-5.6000000000000005,-52.55622085426967,-0.14879243649096185,0.0,4.30306814012986
0.03126856326358318,0.8651661875016252,15.431562909510276,5.0,-5.4,-12.024236430987344,0.03940371731843628,0.0,4.048718762456466
-0.06566603003590465,0.8745564693045083,15.506062778134691,4.0,-6.6,2.693005583265517,0.09745990006591132,0.0,4.353525310678564
0.07332737477062068,0.8380468191397519,14.682658337920188,6.200000000000003,-5.0,16.956019566312534,0.18687278797474782,0.0,4.08956824291129
0.0684433783028684,0.8271600592490653,13.969683842639967,4.199999999999999,-5.799999999999999,21.136010697994948,0.16999814797665325,0.0,4.104832233924158
0.10459305988808332,1.0027952591749951,18.976779276081515,6.0,-5.4,-64.84158066290024,-0.2237287210027037,0.0,4.060447527031321
-0.06701689868184779,0.9544892661164948,19.20476613206938,6.800000000000001,-4.0,1.91974666675668,0.1423458807977429,0.0,4.075916217510609
0.021364381865206727,0.9778878729299905,18.73219076449901,9.0,-5.199999999999999,-23.48912697406604,0.038023493726937474,0.0,3.955403096883005
0.07596895095223788,0.8999080212037871,16.4900819821887,6.0,-5.4,-41.6793750900672,-0.21535774780823402,0.0,3.9880005650640693
0.11535922197939863,0.7271979987649164,10.956551188624466,2.1999999999999993,-5.0,-35.22764483731282,-0.3142248418839455,0.0,3.8412794557052967
0.04191082081161657,1.0120286158835956,18.87155642234177,7.199999999999999,-6.4,-42.413765485985664,-0.08432160300894465,0.0,4.052513883377266
0.008812402882236725,1.0157427644804873,18.949236739494864,7.0,-5.6000000000000005,-61.096081715049195,-0.17451701470022618,0.0,4.288204397561484
0.012840236845789832,0.8911050678212717,16.893481233786375,4.400000000000002,-4.6,-7.021597701923156,-0.06807180833335624,0.0,3.9993182323873473
0.0651056058894306,0.8932708109794447,13.318708860865662,3.6000000000000014,-5.2,-70.73239812469262,-0.18951974881978728,0.0,3.910286021750077
0.06856708103289755,0.9004422990922425,17.197010189648253,6.400000000000002,-4.0,-16.07312340502949,0.03187999176709422,0.0,3.9868988035991935
0.05945582809959582,0.9779578707241523,17.88488473661917,8.0,-5.800000000000001,-33.59055266055299,0.016905305263734016,0.0,4.016861806596119
0.07801979826869676,0.9682291594472119,18.14043647749584,8.399999999999999,-5.8,-38.65603191007585,-0.05941807990613768,0.0,4.299346247885677
0.07355088458291448,0.8547412675124804,15.568565118960905,2.1999999999999993,-6.4,-51.17380983867156,-0.13081530077345094,0.0,4.009751339854985
-0.014453792179496716,0.9454327371789244,18.21789621898182,5.600000000000001,-6.0,-7.4838616013984165,0.0575897147826776,0.0,4.274226762407752
-0.015607593167925593,0.9456028073512979,16.792043840506906,4.599999999999998,-6.4,-62.70368872763834,-0.1504339606250098,0.0,3.902919379955322
0.05623956388722284,0.9066197693882341,15.985787253662238,3.6000000000000014,-6.4,-61.974363321983105,-0.10074959963431307,0.0,4.0251799169473355
0.06492588549792044,0.9167368504346562,15.432715526365087,4.600000000000001,-4.4,-43.2058967480603,-0.03480386400372204,0.0,3.9248346565471843
0.061665061621019035,0.9792274746863097,17.415433337721282,4.799999999999997,-6.4,-42.06192564146977,-0.05790597651027052,0.0,4.100363427289825
0.0778026983063933,0.9470554883724382,16.0202419476106,4.599999999999998,-6.200000000000001,-71.7836765988718,-0.18392605572407805,0.0,4.050667235594405
0.04250140955300985,0.9951305972665487,18.356044018816917,6.600000000000001,-6.0,-30.252401536740308,0.02940129848427797,0.0,4.059951698944121
0.08363237042212113,0.8897030188665109,15.726339962858361,3.6000000000000014,-5.2,-48.75956021664024,-0.050141665389418666,0.0,3.978567221245166
0.10321979935173253,1.0049428748584148,15.769647814866147,5.199999999999999,-7.000000000000001,-78.85827040169886,-0.14863248458660605,0.0,4.05434613302154
0.013092924712163612,0.8645867055961034,16.56247284136454,3.0,-8.4,-59.12485024029047,-0.17970435994157663,0.0,3.9737746736147206
0.09104565330332015,1.059028293407728,18.525442041062803,4.399999999999999,-7.0,-67.49679274468423,-0.2344491096362331,0.0,4.010388739881457
0.16439026831706371,0.9886538708904471,17.883823293315373,7.0,-8.4,-58.145368490701,-0.20162356490205458,0.0,4.231836719358644
-0.030250554675742336,1.1052856558862665,17.971589957990744,7.800000000000001,-7.4,-21.509250196694495,-0.010691974827051531,0.0,3.915559690918866
0.045439628085765627,0.9207093275940519,17.098360638350712,4.399999999999999,-7.6000000000000005,-67.23261853563122,-0.20333085999635392,0.0,4.062021335403639
0.06855848471412429,1.0218862518170209,17.41678583240359,3.8000000000000007,-6.0,-71.59262131388101,-0.21862988430161767,0.0,3.947363660161047
0.06540259961009065,1.0004259794477761,17.89777375761406,6.0,-8.8,-56.45275041366676,-0.027740164254782984,0.0,3.92915875296315
0.19790258241257064,0.9574250281834651,17.889651169918835,5.399999999999999,-6.6,-72.91651094924697,-0.25048869602427404,0.0,4.004265651059174
0.08179799286680645,1.082699815847386,16.868882548746527,6.600000000000001,-7.2,-28.627870923278977,-0.1393135275031394,0.0,3.971295926622819
0.050342224081529885,1.0828032922185518,17.3603411678709,6.399999999999999,-7.799999999999999,-41.28589679934964,0.0958206037215632,0.0,3.9431992772747395
0.07754227154094728,1.0685919108380535,18.21736012394078,4.600000000000001,-8.4,-57.54726464658785,-0.15017570806548353,0.0,3.9682932256733023
0.0052822865341557446,1.0205687447828975,18.238699631231853,4.400000000000002,-7.6000000000000005,-67.90725387605505,-0.23976028780150682,0.0,3.983490215399458
0.04602058967793443,1.0319081411076931,15.742694456769357,6.0,-6.4,-57.47036095887182,-0.1843729305861721,0.0,3.9604407306469014
0.07121341056917085,0.9373210864807806,16.73137846605499,4.199999999999999,-7.6,5.038304897189732,0.16300510660791812,0.0,3.9505560895833884
0.10447346646633537,0.9923684244565134,19.587351578697266,5.0,-7.6,-59.46947173799907,-0.14773998292642965,0.0,4.32635040798899
0.0306485010620694,0.9810699054190852,19.29008181618265,3.3999999999999986,-8.0,-47.8447740007918,-0.12628333413500537,0.0,4.116270671077816
0.06566587788490619,0.9649192852222406,18.736993030494205,4.0,-7.800000000000001,-38.00686392463086,0.06300159284091755,0.0,4.140925464927555
-0.004016470832536534,0.9177982137080036,17.72346527491159,2.0,-7.0,-24.885096552735092,-0.03702622547932233,0.0,4.033855963050998
0.032485997216959994,0.9392557414776093,16.972940158251774,4.199999999999999,-6.3999999999999995,-24.206735106749647,0.0046021054942062545,0.0,4.021724801654859
0.0667918868680859,0.9316549681827659,17.851401575882818,4.0,-7.3999999999999995,-70.88309923179077,-0.2867749795502703,0.0,4.128188969978402
-0.005922579052076493,0.9213749918314242,17.4790691318411,3.8000000000000007,-7.200000000000001,-41.26378345008078,-0.126106738548033,0.0,4.148668246623374
0.011123528936384908,0.9387443769530108,16.913457007218128,3.1999999999999993,-6.800000000000001,-68.08642571274947,-0.09089947097889217,0.0,4.080014289840601
0.0806084741886659,0.8819660534565923,16.607433822288854,4.0,-7.0,-61.582745518791626,-0.1751133401701308,0.0,3.902448914789853
0.07463343860902727,0.8675616077208144,16.054512337121793,1.8000000000000007,-6.6000000000000005,-38.06316736628992,-0.06818964421843243,0.0,3.9721462213658687
0.043582330636875444,0.8201614976584235,14.918626932127452,1.3999999999999986,-5.6000000000000005,-12.425032391207708,-0.02569249678047325,0.0,3.977157319660352
0.04048675313463246,1.0230859944078219,21.969408205587385,7.799999999999997,-9.0,-31.40156061090363,-0.06676940665153186,0.0,4.240661071681116
0.09912528060768988,0.9379302407238974,18.36749821515525,6.199999999999999,-7.6,-48.16709957743507,-0.13250778640329042,0.0,4.171935391333143
0.0053799698681809005,0.9242592445241335,19.054340630045417,4.199999999999999,-7.000000000000001,-40.49376938545356,-0.07805867089450125,0.0,4.003733755632567
0.012488358680193379,0.9910458825460005,19.044196482489923,8.2,-7.3999999999999995,-28.465443312545062,-0.008292439959785458,0.0,4.196091151757707
0.0710195190532481,0.9767778491043106,17.900815361790123,8.2,-8.4,-46.71221764667587,-0.10865819525433551,0.0,3.8773641052209817
0.1312647245132501,0.9833767779909852,17.447313633581217,7.200000000000003,-8.8,-47.093123749227004,-0.08650106802917024,0.0,4.015182132333003
0.10304479229152141,0.9107949710416285,16.641181602098058,4.600000000000001,-7.6,-60.24595623620701,-0.1356049225488274,0.0,3.9203617069179004
0.06988860643304973,0.9159106014469813,18.185764366037688,5.599999999999998,-7.2,-54.94196360320882,-0.14088778917494604,0.0,3.9918167168586973
0.04791026893530326,0.983326841404736,19.24357151714871,7.199999999999999,-7.799999999999999,-47.29168499941363,-0.08324185740174594,0.0,4.077896794686169
0.05252313031010125,0.916603614118884,17.208043756254227,6.800000000000001,-8.4,-34.81860455038179,-0.06968413049085531,0.0,4.086437381903905
-0.11715151840928328,0.9355602215745513,18.107277122707302,6.600000000000001,-7.800000000000001,-49.76689451828423,-0.132388864712373,0.0,4.1665089551573695
0.07604191411265404,0.921848123672449,18.37798113447444,5.199999999999999,-7.199999999999999,-36.954529281772466,-0.06503366995327498,0.0,4.120690885588355
0.002388844555381908,0.8061351305354485,14.629662169293496,3.1999999999999993,-6.600000000000001,-0.42078764997484086,0.19014827865631023,0.0,4.129278648804358
0.045383655259001454,1.3526030270993452,22.312715615543425,11.599999999999998,-7.0,33.411100036834,0.24357469615559113,0.0,3.9439273328720996
0.03317382709169525,0.8510353948018725,14.336881896364716,3.400000000000002,-7.2,48.90002561277561,0.3920707008758617,0.0,4.058735081321241
0.055544817456874895,0.8455743768365522,14.588619745989092,4.400000000000002,-9.0,25.592639637617367,0.26111040141671094,0.0,4.0088978647980245
0.04992815117728444,0.8670966217357616,15.792474943849768,3.0,-6.4,-16.301517852933557,0.14744994575004533,0.0,3.9917129228065757
0.009741204244625656,0.8248438986779831,14.881073127837695,2.599999999999998,-6.4,-8.304467899663678,0.10514705361770504,0.0,4.086288653270525
0.0986712561684655,0.8900077970423599,16.318271814381006,3.3999999999999986,-7.4,-18.083117247962775,-0.0947827841824509,0.0,4.010010327947128
0.025468867485793467,0.8169447069833993,14.605042848695817,3.0,-6.0,-17.982752195798753,0.14600780689451787,0.0,4.233831623520215
0.06417350148879297,0.7449947059167812,13.326521484674913,1.8000000000000007,-4.800000000000001,-30.770136587923275,0.04816148460123504,0.0,4.09396292112062
0.07401128620002018,0.9017221504408539,16.227748638641287,8.0,-6.999999999999999,21.831072621823978,0.34803833484621194,0.0,3.9986359052145164
0.067934052509524,1.010701144760903,16.14695603138859,5.599999999999998,-7.000000000000001,11.350705721198779,0.01047657423256565,0.0,4.059026482480625
0.1342045839978825,0.9259181683359827,15.901963751024226,4.399999999999999,-7.4,11.687885103277495,0.032544419045985595,0.0,4.026225040930364
0.12470005699539133,0.9102841911654629,16.736032588296652,3.8000000000000007,-5.6000000000000005,-5.040882716111355,0.0452779210667249,0.0,4.110007605371951
0.040067036642179144,0.8582068285124027,12.183672423751993,4.800000000000001,-9.600000000000001,40.40628538736189,0.03136531131602727,0.0,3.97257725943657
0.010791747671576424,0.8373952852848738,17.70574283730633,12.0,-6.200000000000001,24.179744167869558,0.2931136831299199,0.0,4.068685219084826
-0.04182269073403688,0.9368555721053831,19.16459491737696,10.600000000000001,-7.799999999999999,5.1892156377552965,0.2230265726410643,0.0,4.012068747457849
0.007562054721376832,0.9656719860250806,19.57936084012121,11.8,-6.799999999999999,28.33276592367065,0.29093807708686636,0.0,3.9442578573314995
-0.0474266747370482,0.9013408000139282,19.1894066809146,11.999999999999996,-6.3999999999999995,20.746153236413875,0.28005818379039393,0.0,4.074571016291224
-0.047479456063793,0.8373277041306082,17.180091838910812,10.600000000000001,-5.799999999999999,2.256646509553775,-0.006398204231334859,0.0,4.088205543879241
0.05030744749347171,1.0524691925210998,20.440928542882943,13.200000000000003,-7.800000000000001,18.232173021978497,0.2155510305416719,0.0,4.00648063188863
0.03649258300207325,1.081444658641626,22.499969305044345,9.400000000000002,-10.600000000000001,-48.725631009972574,-0.1513341311620524,0.0,4.0996703110386505
0.04086744762759453,1.2197943131010458,24.940490098753997,10.2,-11.600000000000001,-85.0038600179513,-0.28066575635604774,0.0,3.861904748028002
0.08451063213175214,1.1868602564893855,24.006890922859384,9.399999999999999,-9.0,-87.60515265741628,-0.3498896503958522,0.0,3.792182126264801
-0.012985397190530712,1.1825035504077608,23.21835323560667,7.600000000000001,-9.0,-108.87080119586835,-0.25345879286258755,0.0,3.8860359822462356
0.1009241692293239,1.1591970577631763,23.89846752576524,11.0,-11.0,-52.55262077848556,-0.16730738137945678,0.0,3.9233321990558405
0.1050173009824884,1.1644555999599753,22.913308194406426,11.2,-11.400000000000002,-64.00233758160266,-0.19134190263438855,0.0,3.812741887112052
-0.0845042865407617,1.2018977608369106,23.922229151607155,9.600000000000001,-11.599999999999998,-76.25731759550104,-0.2004223975673889,0.0,4.196915752086227
0.079158538496102,1.2119799132123301,24.03923565663449,7.600000000000001,-11.2,-90.1490946189864,-0.27215034155951123,0.0,3.8039384411441493
0.1676452114235727,1.1601755655886787,23.361368179163563,11.600000000000001,-10.0,-73.03633875898925,-0.22294666493499626,0.0,3.724715998373526
0.05433527589844367,1.2039021389600233,23.666289179549096,10.2,-11.2,-73.90240393124077,-0.18504833067979787,0.0,3.875328410487187
0.057440027954015704,1.0869593012693208,21.266230845205015,10.8,-10.6,-58.27435092049586,-0.18195009564438025,0.0,4.046166304563136
0.08861605808911532,1.1961125165011666,23.711549208767195,8.6,-9.4,-83.65301646922,-0.24749488300832145,0.0,3.8675250813766144
0.12456422967174685,1.2123588622641712,24.01853472515012,9.399999999999999,-10.200000000000001,-66.00996704999989,-0.13665117738146648,0.0,3.866792259560586
0.09614041627107461,1.088639168987246,20.925573150014415,12.2,-9.8,-48.53935432189769,-0.10990657483608324,0.0,3.783744732944721
0.09676308169482084,1.2206010003674912,24.631899874545,9.8,-11.400000000000002,-75.53412319489684,-0.24281857957837816,0.0,3.865471367046869
0.11750526896155122,1.0917711898579903,21.1000647708413,12.2,-8.600000000000001,-24.07247580685464,-0.008522440911896023,0.0,3.7938625691729198
-0.01839882275430149,1.1844487537532942,23.5019281238759,8.599999999999998,-9.600000000000001,-88.71341386229471,-0.34765667792523525,0.0,4.339900178815277
0.1752900565926252,1.1682871572413216,23.260394944873482,9.399999999999999,-11.200000000000001,-60.56949499321911,-0.19245377380886675,0.0,4.007895807906003
0.11804401010845789,1.1440339366066343,21.576536184073845,12.600000000000001,-9.4,-57.35910138884725,-0.1861434473068253,0.0,3.9615452023624393
0.060210717125728674,1.0822457452375893,20.456075864956873,9.400000000000002,-9.2,-19.408510178899633,-0.02976117530296296,0.0,3.941778370969335
0.07432714444906363,1.0792585902432439,20.705088328931723,10.2,-9.600000000000001,7.029455623423189,-0.002141427575791832,0.0,3.8253956833568377
0.07506887850637733,1.090485586756074,20.379386363494746,10.599999999999998,-8.4,-37.776141884513606,-0.14296025735426188,0.0,3.826937348706758
0.04883251307769543,1.0652009028629141,19.822832875476152,9.799999999999997,-8.6,-16.291467847910326,-0.028647521972428702,0.0,3.8675032352612932
0.06186150707269533,1.0743981819376884,19.620918238978575,10.0,-9.0,-38.950705942599654,-0.14336246831203248,0.0,3.7920018882241515
0.05693843591896508,1.0166556664709798,19.166711322220237,8.599999999999998,-8.6,-5.233616368218918,-0.0148919528604734,0.0,3.8816956344821665
0.09763856962111239,1.1021529558487693,20.46564014833116,10.4,-9.6,-33.90051375500627,-0.11853986774532632,0.0,3.741551160497177
0.12617729660239485,1.0639711372078615,20.37454319066498,10.2,-9.2,-13.384173572396946,0.006755037332224267,0.0,3.8092878233828866
0.08993790659890388,1.1306299588245103,21.139373722345667,6.0,-9.6,-107.43119762098229,-0.3670006762587681,0.0,3.8464812357331315
0.05920337028770284,0.9785989533358075,15.242742892114457,3.6000000000000014,-6.999999999999999,-73.8658135020051,-0.20531549563463614,0.0,3.7343420109063
0.020157841554645284,1.1235988954027203,20.806162084457625,8.0,-9.0,-114.42403013675016,-0.31739116985589066,0.0,3.8995437809148297
0.04920094506672035,1.0340134162200956,16.745144644500513,5.399999999999999,-7.4,-51.39449149824213,-0.16645442822597167,0.0,3.7926029589392303
0.1270956077872465,1.1129787010025236,20.488814884162508,6.800000000000001,-10.2,-82.11575741319587,-0.19316945389398077,0.0,3.8401173331126666
0.07663050927221615,1.0967962332964252,22.314982347236892,7.800000000000001,-7.6,-119.11775804219337,-0.5039996895298369,0.0,3.9659500974474815
0.0587464430783351,1.1608165136251252,22.33049341007137,8.599999999999998,-9.0,-101.42503087719797,-0.3354512807154906,0.0,3.7854279800024835
0.08223629055986903,1.120585194830717,21.084692658311468,8.8,-10.0,-85.01517398723882,-0.2785564995053462,0.0,3.861099673426767
0.05236056313927717,1.1572147220399245,23.170486857474103,9.2,-9.6,-87.06300513791729,-0.3117122597872133,0.0,3.8728219849030556
0.09538418708137986,1.0358062744624519,18.598990547504314,6.600000000000001,-7.199999999999999,-95.1054435080481,-0.24649040561871627,0.0,3.7598908517589993
0.11267070625911835,1.226897896403857,25.154437557260366,11.2,-10.6,-95.9935509296742,-0.38745736077662674,0.0,3.8814324835901304
0.10633639636456005,1.187103025502699,23.786948511764678,9.400000000000002,-10.600000000000001,-88.30820057013227,-0.20768957747171446,0.0,3.9430870315318347
0.06940991426316812,1.187801104168587,23.97022917752632,8.8,-11.0,-88.34066922555945,-0.2902010711702243,0.0,3.8320734492186626
0.056510776653400985,1.2519197432185187,25.53490577714817,10.600000000000001,-10.799999999999999,-122.57042649021002,-0.4367911875829391,0.0,3.836360905376251
0.06399715045626575,1.2291019201698887,25.145539377480418,10.0,-10.799999999999999,-80.72415311647563,-0.2986399591263462,0.0,3.8572834837181458
0.038196401062479346,1.2528095848996283,26.007737106223104,11.399999999999999,-12.000000000000002,-69.04622779915724,-0.2714022708040844,0.0,3.8936622172827358
0.07364594911859923,1.0917580982041564,21.455628638941562,8.600000000000001,-10.399999999999999,-47.091809057826026,-0.20607777465971777,0.0,3.8089739433405785
0.13477468805056247,1.2521102497148782,25.495945493300965,9.200000000000003,-10.600000000000001,-96.97729117291914,-0.3289897762301055,0.0,3.921678664557872
0.0367158990999803,1.2084447960794975,24.052748532842926,10.2,-11.399999999999999,-64.48096922847088,-0.19243597725118944,0.0,3.994575107584655
0.020875557388700727,1.1808194796062477,23.33952980017746,10.2,-10.399999999999999,-77.86565770315138,-0.20696044654688484,0.0,3.941485436963745
0.06061164740516256,1.209696176138463,21.79186513593976,9.2,-8.4,-54.40302924470706,-0.17696220970885168,0.0,3.7963712823447957
0.08842719166889301,1.223726451942273,24.633581636390872,10.200000000000003,-11.799999999999999,-80.91062995666204,-0.26067369135706886,0.0,3.8597263809022864
0.059123227687599034,1.2515311458064797,23.070897976374383,9.8,-10.799999999999999,-76.72928423336282,-0.18809886728367697,0.0,3.7748304757963864
0.07083512606545561,1.2300052930149743,24.605726240181255,9.200000000000003,-11.0,-86.34603122586634,-0.23591542250305664,0.0,4.100054945119935
0.11883113348955376,1.2732354940268138,25.828064765510533,10.4,-12.2,-84.55601877566482,-0.26060041482310825,0.0,3.8324313266450405
0.16521255794181133,1.140123169010197,22.730709047748988,11.399999999999999,-9.8,-59.40889399374737,-0.13103859017848474,0.0,3.810667333301774
0.06814248126730327,1.2309201862710424,24.755819034692237,9.2,-11.0,-78.60402141177673,-0.2325845343029691,0.0,3.8643175628506037
0.0716414764939386,1.0509614579861744,20.00553689486884,9.399999999999999,-9.600000000000001,-55.45793597068797,-0.19302933242466258,0.0,3.864850285500694
0.14988107673479512,1.1900834464629355,22.97670234767412,7.0,-11.4,-70.81076684293726,-0.24744736666622535,0.0,3.718148414098601
0.118954144424543,1.0923150222106859,21.421427216102003,7.800000000000001,-10.8,-54.28791625032386,-0.17519852822834547,0.0,3.9484032024526936
0.08488511489528427,0.8855028761914001,12.918968403710778,5.800000000000001,-6.799999999999999,-85.81816316820186,-0.19370191266003367,0.0,3.782758432653708
0.06330906180899953,0.940090254638406,17.64512177883664,7.399999999999999,-8.8,-39.571662588354684,-0.10092409531646696,0.0,3.831415222533263
0.12474311591517306,1.0774699879426688,19.16264953317534,10.0,-8.600000000000001,-27.934246020239925,-0.1198430173862981,0.0,3.7460012618642313
0.08207938510751855,1.1322517925458566,20.698190953482282,9.8,-8.4,-39.35222105624467,-0.036168202197004895,0.0,3.7836680422302895
0.07420883481676865,1.0493713014803028,18.70268145112115,8.8,-9.0,-28.304780226753905,0.01450546493740279,0.0,3.891134893029865
0.05227907859083114,1.0624694884038508,19.53378764845523,8.8,-9.999999999999998,-36.75437967376001,-0.15510263243856226,0.0,3.7783956475887526
0.16515149561551867,1.1413506575880916,21.228816403842117,9.599999999999998,-10.8,-57.076096353561184,-0.1697427808942038,0.0,3.7489175569565285
0.10700247687711428,1.0188997359480219,17.352797242787474,7.399999999999999,-7.2,-37.536310497215254,-0.06433483178408439,0.0,3.791988633101911
0.10137097677579021,1.025757884419317,18.294818202538806,8.799999999999997,-7.799999999999999,-32.91580505886009,-0.09584526696158124,0.0,3.8239123379051674
0.13040575038782576,1.1269052961878483,21.922158827902265,9.399999999999999,-11.4,-50.69815878067317,-0.11157917087856495,0.0,3.792440353771045
0.1431330685591754,0.9738339381074876,16.483570488295072,6.600000000000001,-9.4,-56.011375062602156,-0.03743152468845601,0.0,3.765854253761957
0.1548861631499472,0.9836678992440522,16.463148091299345,6.199999999999999,-8.0,-37.420138233928185,-0.0589008235563655,0.0,3.8400775496003052
0.09553945403506248,1.0187833362601708,19.042417297328285,8.599999999999998,-9.6,-54.644212711498426,-0.11560232114059343,0.0,3.8106529151666013
0.147752592801349,0.9996510085809982,15.348684071314302,5.600000000000001,-7.8,-44.130166563301145,0.21366405602674865,0.0,3.788736990970615
0.0965097480992676,1.0112431738191408,17.157298531395696,5.199999999999999,-7.8,-59.50910172667881,-0.040009260957686754,0.0,3.829473617378114
0.08996943482705122,1.089120047377346,20.67364577228014,6.600000000000001,-10.799999999999999,-60.513041515722875,-0.17423873937782752,0.0,3.7755974940438755
0.17988050875877892,1.0716345174362232,18.057346478991704,3.599999999999998,-7.6,-44.68495114962968,-0.07838383425109341,0.0,3.7625359375881127
0.1293627142414282,1.1186397643896413,20.573954666889193,7.599999999999998,-9.799999999999999,-65.5070333296946,-0.16683443078573967,0.0,3.7720929688809797
0.10246025101866474,1.1242099727678472,21.614962270299642,8.600000000000001,-10.2,-89.37908377910429,-0.26646267478344177,0.0,3.757839054308471
