,1991-2005_hotdays,1991-2005_colddays,2006-2020_hotdays,2006-2020_colddays,1991-2000_hotdays,1991-2000_colddays,2001-2010_hotdays,2001-2010_colddays,2011-2020_hotdays,2011-2020_colddays
1001,10.184340208067166,10.239094725314839,12.32876712328767,13.150684931506849,10.073911853271284,10.375034218450589,10.360565951620265,10.4518484710178,,
1003,10.213078618662747,10.213078618662747,10.245151847786316,10.409806073911453,10.156036134683822,10.429783739392281,10.268474951563798,10.240797121505674,10.290889132821075,10.345773874862788
10044,10.13501017199926,10.171999260218236,10.375275938189846,10.393671817512876,10.101286613742129,10.402408978921434,10.201793721973095,10.257847533632287,10.298177802319161,10.574268360022087
1004,10.366855265559408,10.421609782807082,10.241076434311344,10.409269295458794,10.23816041609636,10.785655625513277,10.034013605442176,10.40249433106576,10.331597697999452,10.5234310770074
1051,10.184340208067166,10.220843219565614,10.129585690819493,10.202591713816389,10.183410895154667,10.56665754174651,10.104052573932092,10.377875136911282,10.046537092800438,10.347659457979743
1054,10.14225013855533,10.197672270460004,10.147837196568718,10.239094725314839,10.090485330408555,10.36468330134357,10.161469933184856,10.2728285077951,10.128661374212976,10.402408978921434
1055,10.07483117357182,10.147837196568718,10.093082679321045,10.184340208067166,10.073911853271284,10.347659457979743,10.049288061336254,10.350492880613363,10.101286613742129,10.511908020804817
1056,10.184340208067166,10.184340208067166,10.202591713816389,10.184340208067166,10.128661374212976,10.375034218450589,10.049288061336254,10.377875136911282,10.046537092800438,10.457158499863127
1057,10.113386978785663,10.223116313094367,10.478654592496765,10.571058953982629,10.046537092800438,10.484533260333972,10.359116022099448,10.414364640883978,10.260676650027731,10.45479755962285
1058,10.111334185070268,10.184340208067166,10.162675927618352,10.199232315847194,10.046537092800438,10.320284697508896,10.021905805038335,10.323110624315444,10.068587105624143,10.315500685871056
1059,10.07483117357182,10.147837196568718,10.147837196568718,10.220843219565614,10.046537092800438,10.402408978921434,10.104052573932092,10.350492880613363,10.073911853271284,10.347659457979743
1060,10.147837196568718,10.348603759810185,10.275597736813287,10.33035225406096,10.073911853271284,10.347659457979743,10.213581599123767,10.542168674698795,10.347659457979743,10.511908020804817
1062,10.111334185070268,10.184340208067166,10.169800985941208,10.352382691254336,10.046537092800438,10.402408978921434,10.076670317634173,10.377875136911282,10.325938099150918,10.709394686387292
11000,10.07483117357182,10.147837196568718,10.093082679321045,10.184340208067166,10.019162332329593,10.347659457979743,10.049288061336254,10.323110624315444,10.046537092800438,10.457158499863127
12051,10.415200562983815,10.579404175463289,10.355571847507331,10.373900293255131,10.511908020804817,10.703531344100739,10.344827586206897,10.426929392446635,10.275482093663912,10.413223140495868
12052,10.184340208067166,10.33035225406096,10.283623055809699,10.30192131747484,10.101286613742129,10.484533260333972,10.213581599123767,10.514786418400876,10.332508931025007,10.277548777136577
12060,10.117025292563232,10.192525481313703,10.093082679321045,10.166088702317941,10.023041474654377,10.28225806451613,10.15881708652793,10.350492880613363,10.156036134683822,10.320284697508896
12061,10.168165819319515,10.305044974579586,10.07483117357182,10.202591713816389,10.097323600973237,10.249391727493917,10.049288061336254,10.323110624315444,10.073911853271284,10.347659457979743
12063,10.220843219565614,10.220843219565614,10.36697247706422,10.256880733944953,10.046537092800438,10.402408978921434,10.342935528120714,10.699588477366255,10.190030294684659,10.410355274029193
12064,10.31650641025641,10.376602564102564,10.111334185070268,10.33035225406096,10.134501094776352,10.259618392242727,10.052471692902513,10.356255178127588,10.128661374212976,10.347659457979743
12065,10.169804355850868,10.243632336655592,10.07483117357182,10.257346231064062,10.105790645879733,10.551224944320714,10.18619934282585,10.350492880613363,10.101286613742129,10.347659457979743
12066,10.31403053874964,10.400460962258714,10.129585690819493,10.202591713816389,10.516717325227964,10.699088145896656,10.076670317634173,10.46002190580504,10.046537092800438,10.347659457979743
12067,10.111334185070268,10.257346231064062,10.147837196568718,10.202591713816389,10.073911853271284,10.484533260333972,10.049288061336254,10.43263964950712,10.128661374212976,10.402408978921434
12068,10.111334185070268,10.202591713816389,10.147837196568718,10.257346231064062,10.046537092800438,10.347659457979743,10.021905805038335,10.350492880613363,10.019162332329593,10.347659457979743
12069,10.093082679321045,10.202591713816389,10.184340208067166,10.293849242562512,10.128661374212976,10.347659457979743,10.049288061336254,10.323110624315444,10.101286613742129,10.402408978921434
12072,10.245812486404176,10.267565803785077,10.133284644878584,10.224575497535147,10.104655359076146,10.393359797906893,10.104052573932092,10.350492880613363,10.052040536839222,10.380717611613257
12073,10.18619934282585,10.313983205549471,10.111334185070268,10.312100748311735,10.021905805038335,10.569550930996714,10.076670317634173,10.43263964950712,10.101286613742129,10.402408978921434
13004,10.09492515516612,10.313983205549471,10.291689598238856,10.365070629242341,10.128661374212976,10.402408978921434,10.271158586688578,10.545056149000274,10.427586206896551,10.372413793103448
13071,10.093082679321045,10.147837196568718,10.07483117357182,10.166088702317941,10.019162332329593,10.347659457979743,10.076670317634173,10.377875136911282,10.019162332329593,10.320284697508896
13072,10.093082679321045,10.166088702317941,10.202591713816389,10.293849242562512,10.073911853271284,10.347659457979743,10.104052573932092,10.46002190580504,10.101286613742129,10.375034218450589
13073,10.07483117357182,10.166088702317941,10.07483117357182,10.147837196568718,10.019162332329593,10.320284697508896,10.049288061336254,10.323110624315444,10.046537092800438,10.347659457979743
13074,10.07483117357182,10.202591713816389,10.291689598238856,10.365070629242341,10.156036134683822,10.320284697508896,10.240963855421686,10.514786418400876,10.427586206896551,10.372413793103448
13075,10.111334185070268,10.147837196568718,10.093082679321045,10.166088702317941,10.019162332329593,10.375034218450589,10.021905805038335,10.323110624315444,10.046537092800438,10.347659457979743
13076,10.07483117357182,10.147837196568718,10.129585690819493,10.147837196568718,10.019162332329593,10.347659457979743,10.021905805038335,10.350492880613363,10.019162332329593,10.402408978921434
14524,10.16052880075543,10.19830028328612,10.147837196568718,10.184340208067166,10.238711532930687,10.209951107276387,10.071350164654227,10.236004390779364,10.019162332329593,10.347659457979743
14612,10.093082679321045,10.147837196568718,10.07483117357182,10.147837196568718,10.128661374212976,10.402408978921434,10.076670317634173,10.350492880613363,10.019162332329593,10.320284697508896
14625,10.133630289532293,10.189309576837417,10.07483117357182,10.220843219565614,10.078607523862999,10.47164514317799,10.076670317634173,10.377875136911282,10.019162332329593,10.457158499863127
14713,10.266715381804897,10.303251735476799,10.291155466031862,10.309467130562169,10.210785655625513,10.594032302217355,10.26344676180022,10.4006586169045,10.280373831775702,10.362836723474436
14730,10.452961672473867,10.403185664509706,10.338517840805123,10.356816102470265,10.401459854014599,10.903284671532846,10.131434830230011,10.542168674698795,10.305028854080792,10.359989007969222
15002,10.111334185070268,10.275597736813287,10.233310233310233,10.21021021021021,10.073911853271284,10.457158499863127,10.019214932747735,10.376063683777106,10.19108280254777,10.310509554140127
15082,10.147837196568718,10.202591713816389,10.111334185070268,10.147837196568718,10.073911853271284,10.375034218450589,10.049288061336254,10.377875136911282,10.046537092800438,10.429783739392281
15083,10.111334185070268,10.202591713816389,10.184340208067166,10.184340208067166,10.073911853271284,10.320284697508896,10.076670317634173,10.46002190580504,10.101286613742129,10.402408978921434
15084,10.07483117357182,10.184340208067166,10.153958944281525,10.153958944281525,10.019162332329593,10.429783739392281,10.140534582529623,10.305869385505648,10.046537092800438,10.429783739392281
15087,10.13437849944009,10.13437849944009,10.147837196568718,10.239094725314839,10.164212910532276,10.249150622876558,10.049288061336254,10.350492880613363,10.073911853271284,10.347659457979743
15088,10.07483117357182,10.166088702317941,10.07865374062557,10.279860984086337,10.019162332329593,10.320284697508896,10.021905805038335,10.323110624315444,10.052183466080747,10.299368305410601
15089,10.166088702317941,10.184340208067166,10.220843219565614,10.220843219565614,10.073911853271284,10.375034218450589,10.18619934282585,10.377875136911282,10.073911853271284,10.347659457979743
15090,10.398344542162441,10.398344542162441,10.311176578898914,10.384827840176763,10.403832991101986,10.335386721423683,10.144404332129964,10.324909747292418,10.346740638002775,10.513176144244106
15091,10.098612125639153,10.189919649379108,10.207073483599046,10.262048744731537,10.073911853271284,10.402408978921434,10.104625550660794,10.32488986784141,10.361842105263158,10.444078947368421
16062,10.154937464999067,10.304274780660817,10.234899328859061,10.282837967401726,10.106681639528356,10.47164514317799,10.107705053852527,10.356255178127588,10.187553282182439,10.358056265984654
16064,10.392609699769054,10.700538876058507,10.111334185070268,10.202591713816389,10.513796384395814,10.846812559467175,10.052471692902513,10.466721900027617,10.128661374212976,10.429783739392281
16068,10.376833116762576,10.321143493595693,10.294386542329493,10.330956299140611,10.165683796686324,10.474585790508284,10.131434830230011,10.43263964950712,10.183914356299754,10.513313203403788
16070,10.295728368017524,10.423512230741146,10.2081811541271,10.317750182615047,10.156036134683822,10.539282781275665,10.380717611613257,10.654615173924952,10.164383561643836,10.356164383561644
16074,10.101786057230651,10.178605723065104,10.245523352409082,10.319364962156175,10.286382232612507,10.257159555815313,10.181818181818182,10.20979020979021,10.339123242349048,10.394265232974911
16077,10.07483117357182,10.184340208067166,10.129585690819493,10.184340208067166,10.073911853271284,10.402408978921434,10.049288061336254,10.377875136911282,10.101286613742129,10.347659457979743
2000,10.111334185070268,10.147837196568718,10.147837196568718,10.220843219565614,10.046537092800438,10.402408978921434,10.076670317634173,10.405257393209201,10.046537092800438,10.347659457979743
3102,10.093082679321045,10.166088702317941,10.111334185070268,10.202591713816389,10.101286613742129,10.375034218450589,10.104052573932092,10.323110624315444,10.101286613742129,10.347659457979743
3103,10.366855265559408,10.5858733345501,10.20106991330013,10.311750599520384,10.265535176567205,10.840405146454968,10.405257393209201,10.733844468784227,10.208623087621698,10.570236439499304
3151,10.166088702317941,10.275597736813287,10.147837196568718,10.257346231064062,10.073911853271284,10.457158499863127,10.021905805038335,10.46002190580504,10.046537092800438,10.402408978921434
3152,10.129585690819493,10.184340208067166,10.225812373783734,10.244171103359648,10.101286613742129,10.457158499863127,10.18619934282585,10.350492880613363,10.245788456227562,10.383871858602596
3154,10.312100748311735,10.45811279430553,10.21396851029471,10.456197012515139,10.402408978921434,10.703531344100739,10.271132376395535,10.430622009569378,10.0960219478738,10.37037037037037
3241,10.093082679321045,10.293849242562512,10.093082679321045,10.166088702317941,10.101286613742129,10.375034218450589,10.021905805038335,10.377875136911282,10.101286613742129,10.347659457979743
3251,10.129585690819493,10.220843219565614,10.129585690819493,10.147837196568718,10.073911853271284,10.457158499863127,10.049288061336254,10.405257393209201,10.019162332329593,10.402408978921434
3254,10.275597736813287,10.312100748311735,10.17388087310396,10.192378838327784,10.347659457979743,10.648781823159048,10.213581599123767,10.46002190580504,10.139664804469273,10.363128491620111
3255,10.166542381307481,10.415113099676859,10.188059156472521,10.188059156472521,10.273684210526316,10.56842105263158,10.195852534562212,10.253456221198157,10.23816041609636,10.375034218450589
3351,10.403358277057857,10.45811279430553,12.32876712328767,13.424657534246576,10.347659457979743,10.56665754174651,10.4518484710178,10.725696029210406,,
3355,10.24246544300929,10.26512576478586,10.327179674648145,10.436848839334674,10.104914411927112,10.491441192711209,10.240733664501338,10.546427206725259,10.150891632373114,10.617283950617283
3357,10.295728368017524,10.870755750273823,10.402193784277879,10.36563071297989,10.67843017949498,10.739275935503498,10.132359653126427,10.543130990415335,10.26344676180022,10.428100987925356
3360,10.129585690819493,10.202591713816389,10.226856933772412,10.428100987925356,10.046537092800438,10.402408978921434,10.076670317634173,10.43263964950712,10.274725274725276,10.357142857142858
3404,10.303030303030303,10.339761248852158,10.205213533000554,10.334627472730634,10.29290993703805,10.457158499863127,10.214903711973207,10.298632430923806,10.281923714759536,10.309563294637922
3405,10.202591713816389,10.239094725314839,10.452132527915065,10.342302764049057,10.183410895154667,10.457158499863127,10.076670317634173,10.569550930996714,10.200714874896892,10.750618641737695
3451,10.158962177964554,10.52439247213594,10.344827586206897,10.50709939148073,10.156036134683822,10.56665754174651,10.202962150301701,10.532089961601756,11.11111111111111,12.050078247261347
3452,10.18619934282585,10.350492880613363,10.226442658875092,10.463842220598977,10.18619934282585,10.651697699890471,10.15881708652793,10.350492880613363,10.246575342465754,10.712328767123287
3453,10.093082679321045,10.257346231064062,10.157682434910157,10.359369270260359,10.073911853271284,10.375034218450589,10.15881708652793,10.350492880613363,10.281146637265712,10.501653803748622
3455,10.220843219565614,10.239094725314839,10.452132527915065,10.342302764049057,10.183410895154667,10.457158499863127,10.076670317634173,10.569550930996714,10.200714874896892,10.750618641737695
3458,10.093082679321045,10.220843219565614,10.117087449688986,10.153677277716795,10.073911853271284,10.320284697508896,10.049288061336254,10.350492880613363,10.137362637362637,10.357142857142858
3459,10.07483117357182,10.184340208067166,10.111334185070268,10.166088702317941,10.019162332329593,10.347659457979743,10.049288061336254,10.350492880613363,10.183410895154667,10.320284697508896
3460,10.149689667761956,10.332238043081416,10.310786106032907,10.310786106032907,10.18619934282585,10.323110624315444,10.076670317634173,10.46002190580504,10.26344676180022,10.592755214050493
3462,10.202839756592292,10.263691683569979,,,10.073911853271284,10.402408978921434,10.72826938136257,10.96319498825372,,
5111,10.166088702317941,10.184340208067166,10.188059156472521,10.352382691254336,10.046537092800438,10.347659457979743,10.021905805038335,10.542168674698795,10.079430293070391,10.462886880306765
5112,10.319089382347453,10.468370964732227,10.286900717251793,10.419026047565119,10.217945089159354,10.38777243136145,10.117176336096028,10.46013146613318,10.124137931034483,10.427586206896551
5114,10.111334185070268,10.166088702317941,10.184340208067166,10.202591713816389,10.073911853271284,10.402408978921434,10.021905805038335,10.405257393209201,10.046537092800438,10.347659457979743
5119,10.146520146520146,10.183150183150182,10.327778795092474,10.327778795092474,10.068587105624143,10.397805212620028,10.300192784356927,10.492977141283394,10.260631001371742,10.342935528120714
5124,10.45811279430553,10.531118817302428,10.113594723341883,10.18688164162697,10.210785655625513,10.539282781275665,10.054794520547945,10.41095890410959,10.0715465052284,10.291689598238856
5158,10.439861288556306,10.476364300054755,10.220588235294118,10.275735294117647,10.210785655625513,10.539282781275665,10.219178082191782,10.602739726027398,10.232300884955752,10.3429203539823
5162,10.184340208067166,10.184340208067166,10.188059156472521,10.352382691254336,10.019162332329593,10.347659457979743,10.021905805038335,10.542168674698795,10.079430293070391,10.462886880306765
5170,10.117950608182824,10.191669738297088,10.196634907764038,10.379079667545104,10.128661374212976,10.402408978921434,10.223953261927946,10.35378123985719,10.124137931034483,10.427586206896551
5366,10.198357042676818,10.27850130234422,10.25219298245614,10.398391812865498,10.073911853271284,10.375034218450589,10.18020866266203,10.369901991779956,10.17274472168906,10.419522895530573
5378,10.202591713816389,10.220843219565614,10.23204823679883,10.23204823679883,10.046537092800438,10.457158499863127,10.213581599123767,10.596933187294633,10.227584315876063,10.419522895530573
5513,10.129585690819493,10.166088702317941,10.082191780821917,10.173515981735159,10.101286613742129,10.429783739392281,10.021905805038335,10.43263964950712,10.08495478213209,10.386407234858865
5554,10.137994480220792,10.229990800367986,10.310786106032907,10.310786106032907,10.101286613742129,10.429783739392281,10.144124168514413,10.227272727272727,10.318331503841932,10.455543358946214
5562,10.129585690819493,10.220843219565614,10.129585690819493,10.202591713816389,10.046537092800438,10.56665754174651,10.131434830230011,10.405257393209201,10.101286613742129,10.375034218450589
5566,10.202591713816389,10.275597736813287,10.18619934282585,10.204454180357795,10.073911853271284,10.484533260333972,10.104052573932092,10.487404162102957,10.131434830230011,10.487404162102957
5711,,,10.35497156305158,10.335359874485194,,,10.609171800136892,11.019849418206707,10.197910940076966,10.362836723474436
5754,10.303633648581384,10.50273768043803,10.35497156305158,10.335359874485194,10.375034218450589,10.703531344100739,10.405257393209201,10.733844468784227,10.197910940076966,10.362836723474436
5758,10.220843219565614,10.202591713816389,10.239531907112818,10.221247028707259,10.128661374212976,10.375034218450589,10.104052573932092,10.487404162102957,10.183914356299754,10.485863299478451
5762,10.166542381307481,10.415113099676859,10.133284644878584,10.188059156472521,10.273684210526316,10.56842105263158,10.195852534562212,10.253456221198157,10.210785655625513,10.375034218450589
5766,10.293849242562512,10.220843219565614,10.202962150301701,10.239531907112818,10.101286613742129,10.429783739392281,10.15881708652793,10.46002190580504,10.183914356299754,10.485863299478451
5911,10.94890510948905,11.313868613138686,10.358056265984654,10.460358056265985,10.94890510948905,11.313868613138686,10.684931506849315,11.141552511415526,10.408525754884547,10.408525754884547
5913,10.186976144422953,10.412637008381688,10.392902408111533,10.540768905787917,10.186976144422953,10.412637008381688,10.583941605839415,11.040145985401459,10.197910940076966,10.500274876305662
5914,10.312100748311735,10.5858733345501,10.25689105569098,10.406900431276954,10.29290993703805,10.703531344100739,10.136286201022147,10.590573537762635,10.200714874896892,10.640637888369536
5916,10.129585690819493,10.220843219565614,10.129585690819493,10.220843219565614,10.046537092800438,10.56665754174651,10.131434830230011,10.405257393209201,10.101286613742129,10.375034218450589
5962,10.166088702317941,10.312100748311735,10.131434830230011,10.167944505293903,10.046537092800438,10.347659457979743,10.052040536839222,10.462886880306765,10.101286613742129,10.320284697508896
5966,10.384263494967978,10.887465690759377,10.31891495601173,10.30058651026393,11.062431544359255,10.67907995618839,10.720887245841036,10.813308687615526,10.240963855421686,10.596933187294633
5974,10.166088702317941,10.348603759810185,10.129585690819493,10.166088702317941,10.29290993703805,10.676156583629894,10.131434830230011,10.350492880613363,10.046537092800438,10.429783739392281
5978,10.186891287180837,10.265859436693868,10.244620194960456,10.354975170130587,10.186976144422953,10.412637008381688,10.30230708035004,10.34208432776452,10.165745856353592,10.469613259668508
6411,10.15962441314554,10.347417840375586,10.20595807282089,10.2979036410445,10.257142857142858,10.342857142857143,10.1615995617639,10.572445905231444,10.215946843853821,10.49280177187154
6412,10.095976375046142,10.243632336655592,10.111334185070268,10.147837196568718,10.022271714922049,10.356347438752785,10.104052573932092,10.377875136911282,10.046537092800438,10.375034218450589
6413,10.095976375046142,10.243632336655592,10.111334185070268,10.147837196568718,10.022271714922049,10.356347438752785,10.104052573932092,10.377875136911282,10.046537092800438,10.375034218450589
6414,10.111334185070268,10.257346231064062,10.157682434910157,10.194352768610194,10.101286613742129,10.402408978921434,10.131434830230011,10.377875136911282,10.281146637265712,10.41896361631753
6432,10.147837196568718,10.239094725314839,10.129585690819493,10.184340208067166,10.101286613742129,10.594032302217355,10.131434830230011,10.46002190580504,10.128661374212976,10.347659457979743
6433,10.129585690819493,10.257346231064062,10.257346231064062,10.312100748311735,10.019162332329593,10.429783739392281,10.131434830230011,10.46002190580504,10.183410895154667,10.484533260333972
6438,10.077519379844961,10.243632336655592,10.111334185070268,10.166088702317941,10.022271714922049,10.328507795100222,10.131434830230011,10.350492880613363,10.019162332329593,10.375034218450589
6531,10.184340208067166,10.239094725314839,10.194352768610194,10.304363769710305,10.046537092800438,10.402408978921434,10.131434830230011,10.487404162102957,10.143329658213892,10.363836824696802
7111,10.093082679321045,10.184340208067166,10.191441441441441,10.266516516516516,10.019162332329593,10.320284697508896,10.142543859649123,10.361842105263158,10.239589275527667,10.410724472333143
7133,10.07483117357182,10.202591713816389,10.129585690819493,10.166088702317941,10.101286613742129,10.347659457979743,10.049288061336254,10.350492880613363,10.128661374212976,10.621407062688201
7134,10.078510133284645,10.169800985941208,10.254518627812615,10.365178900774621,10.073911853271284,10.375034218450589,10.206896551724139,10.317241379310344,10.52195526097763,10.411488539077602
7138,10.111334185070268,10.166088702317941,10.135135135135135,10.285285285285285,10.019162332329593,10.375034218450589,10.115131578947368,10.334429824561404,10.26811180832858,10.410724472333143
7140,10.093082679321045,10.202591713816389,10.111334185070268,10.166088702317941,10.046537092800438,10.347659457979743,10.104052573932092,10.487404162102957,10.046537092800438,10.320284697508896
7211,10.07483117357182,10.147837196568718,10.093082679321045,10.184340208067166,10.046537092800438,10.375034218450589,10.15881708652793,10.405257393209201,10.073911853271284,10.320284697508896
7232,10.444304064013476,10.591703516529796,10.258797244460995,10.444982312418544,10.415496911847276,10.443571027512633,10.143476810143477,10.41041041041041,10.390339792193204,10.362257792754844
7233,10.156971375807942,10.267774699907664,10.325786858089453,10.45462911835082,10.169963778211201,10.420730008358875,10.15881708652793,10.596933187294633,10.17466038258941,10.396451344607707
7311,10.174188440221695,10.55027711797308,10.308901480533724,10.327179674648145,10.128661374212976,10.867779906925815,10.2015503875969,10.2015503875969,10.260631001371742,10.425240054869684
7312,10.215605749486652,10.574948665297741,10.248447204968944,10.284983558640848,10.71863580998782,10.779537149817296,10.234741784037558,10.657276995305164,10.383561643835616,10.684931506849315
7314,10.239094725314839,10.312100748311735,10.177558118250046,10.305692842760388,10.347659457979743,10.457158499863127,10.049288061336254,10.350492880613363,10.145724498212813,10.420676381633214
7316,10.202591713816389,10.220843219565614,10.128676470588236,10.202205882352942,10.101286613742129,10.375034218450589,10.08495478213209,10.359002466429159,10.11888305225325,10.367708045341443
7318,10.24283366806646,10.31586635019171,10.281227173119065,10.445580715850985,10.347659457979743,10.56665754174651,10.307017543859649,10.553728070175438,10.268346111719605,10.487404162102957
7319,10.174188440221695,10.55027711797308,10.308901480533724,10.327179674648145,10.128661374212976,10.867779906925815,10.2015503875969,10.2015503875969,10.260631001371742,10.425240054869684
7332,10.111334185070268,10.147837196568718,10.093082679321045,10.184340208067166,10.046537092800438,10.375034218450589,10.021905805038335,10.350492880613363,10.073911853271284,10.402408978921434
7335,10.215605749486652,10.574948665297741,10.248447204968944,10.284983558640848,10.71863580998782,10.779537149817296,10.234741784037558,10.657276995305164,10.383561643835616,10.684931506849315
7336,10.17168174266199,10.245523352409082,,,10.128661374212976,10.402408978921434,10.487528344671201,10.884353741496598,,
7338,10.166088702317941,10.166088702317941,10.221652317274225,10.368199303901813,10.019162332329593,10.347659457979743,10.240963855421686,10.350492880613363,10.074318744838976,10.54225158271401
7340,10.536289558461247,10.517339397384879,10.272071071626874,10.364612252452341,10.539282781275665,10.648781823159048,10.231884057971014,10.46376811594203,10.343863572826391,10.567514677103718
8111,10.111334185070268,10.184340208067166,10.111334185070268,10.184340208067166,10.073911853271284,10.320284697508896,10.021905805038335,10.377875136911282,10.046537092800438,10.347659457979743
8115,10.53426467811969,10.49650745705116,10.211910851297041,10.358056265984654,10.29290993703805,10.594032302217355,10.115273775216139,10.547550432276656,10.087719298245615,10.49890350877193
8116,10.07483117357182,10.184340208067166,10.111334185070268,10.166088702317941,10.046537092800438,10.320284697508896,10.021905805038335,10.323110624315444,10.046537092800438,10.347659457979743
8117,10.117599351175993,10.279805352798054,10.294386542329493,10.404095812762845,10.101286613742129,10.402408978921434,10.112721417069244,10.33816425120773,10.348613779851771,10.485863299478451
8119,10.099493148113385,10.268443776985169,10.07483117357182,10.220843219565614,10.183410895154667,10.402408978921434,10.085714285714285,10.428571428571429,10.101286613742129,10.375034218450589
8121,10.466004583651642,10.38961038961039,10.28310502283105,10.337899543378995,10.265535176567205,10.621407062688201,10.120269873863304,10.354942798474626,10.167169087421211,10.496026308577692
8125,10.07483117357182,10.239094725314839,10.28310502283105,10.337899543378995,10.128661374212976,10.429783739392281,10.213581599123767,10.46002190580504,10.167169087421211,10.496026308577692
8127,10.07483117357182,10.166088702317941,10.093082679321045,10.166088702317941,10.019162332329593,10.320284697508896,10.049288061336254,10.323110624315444,10.019162332329593,10.347659457979743
8128,10.147837196568718,10.257346231064062,10.239094725314839,10.293849242562512,10.156036134683822,10.511908020804817,10.049288061336254,10.542168674698795,10.073911853271284,10.429783739392281
8135,10.505606925044265,10.54495376746016,10.33035225406096,10.348603759810185,10.265535176567205,10.539282781275665,10.257985257985258,10.411547911547911,10.23816041609636,10.594032302217355
8212,10.220843219565614,10.202591713816389,10.214259327669007,10.288141854451423,10.101286613742129,10.402408978921434,10.164299637983849,10.442773600668337,10.167169087421211,10.413812003288573
8215,10.220843219565614,10.202591713816389,10.214259327669007,10.288141854451423,10.101286613742129,10.402408978921434,10.164299637983849,10.442773600668337,10.167169087421211,10.413812003288573
8216,10.111334185070268,10.220843219565614,10.129585690819493,10.257346231064062,10.265535176567205,10.539282781275665,10.049288061336254,10.487404162102957,10.073911853271284,10.402408978921434
8221,10.184340208067166,10.239094725314839,10.173833485818847,10.21043000914913,10.073911853271284,10.375034218450589,10.076670317634173,10.377875136911282,10.085188238527067,10.305028854080792
8222,10.239094725314839,10.312100748311735,10.177558118250046,10.305692842760388,10.347659457979743,10.457158499863127,10.049288061336254,10.350492880613363,10.145724498212813,10.420676381633214
8231,10.341609109576256,10.322941945118536,10.247026532479415,10.338517840805123,10.29290993703805,10.703531344100739,10.187287173666288,10.385925085130534,10.260631001371742,10.425240054869684
8311,10.21043000914913,10.247026532479415,10.271460014673515,10.473220836390315,10.183410895154667,10.594032302217355,10.214757709251101,10.297356828193832,10.077092511013216,10.435022026431717
8316,10.093082679321045,10.166088702317941,10.111334185070268,10.166088702317941,10.019162332329593,10.320284697508896,10.076670317634173,10.323110624315444,10.046537092800438,10.484533260333972
8325,10.073260073260073,10.183150183150182,10.129585690819493,10.220843219565614,10.073911853271284,10.320284697508896,10.156895127993394,10.294522433250757,10.183410895154667,10.320284697508896
8335,10.129585690819493,10.166088702317941,10.27046783625731,10.416666666666666,10.019162332329593,10.347659457979743,10.021905805038335,10.487404162102957,10.394953373560066,10.394953373560066
8336,10.093082679321045,10.147837196568718,10.158150851581508,10.259529602595297,10.101286613742129,10.320284697508896,10.213581599123767,10.487404162102957,10.109465550547327,10.238248551191242
8337,10.129585690819493,10.166088702317941,10.350492880613363,10.36874771814531,10.073911853271284,10.320284697508896,10.076670317634173,10.350492880613363,10.240963855421686,10.377875136911282
8415,10.149689667761956,10.149689667761956,10.195530726256983,10.275339185953712,10.101286613742129,10.347659457979743,10.172143974960877,10.203442879499217,10.214168039538714,10.488742449203734
8416,10.093082679321045,10.147837196568718,10.129585690819493,10.220843219565614,10.046537092800438,10.320284697508896,10.021905805038335,10.323110624315444,10.128661374212976,10.484533260333972
8425,10.147837196568718,10.147837196568718,10.07483117357182,10.166088702317941,10.046537092800438,10.347659457979743,10.076670317634173,10.323110624315444,10.046537092800438,10.320284697508896
8426,10.226828314430973,10.187719984356669,,,10.046537092800438,10.375034218450589,10.472279260780287,10.677618069815194,,
8435,10.293849242562512,10.439861288556306,10.313983205549471,10.478276743336984,10.89515466739666,10.949904188338351,10.46002190580504,10.43263964950712,10.18619934282585,10.514786418400876
8436,10.111334185070268,10.239094725314839,10.313983205549471,10.478276743336984,10.073911853271284,10.347659457979743,10.104052573932092,10.43263964950712,10.18619934282585,10.514786418400876
8437,10.135135135135135,10.153396639883127,10.111334185070268,10.239094725314839,10.046537092800438,10.320284697508896,10.08495478213209,10.276788161140038,10.23816041609636,10.375034218450589
9162,10.184340208067166,10.257346231064062,10.226442658875092,10.189919649379108,10.019162332329593,10.375034218450589,10.021905805038335,10.43263964950712,10.10958904109589,10.73972602739726
9163,10.366855265559408,10.239094725314839,10.21790880791064,10.419337117744004,10.484533260333972,10.594032302217355,10.15881708652793,10.350492880613363,10.233837689133425,10.398899587345255
9172,10.324599139616739,10.305044974579586,10.20783520323708,10.281405186683832,10.127737226277372,10.279805352798054,10.135321734327533,10.328638497652582,10.159253157605711,10.43382756727073
9174,10.111334185070268,10.184340208067166,10.111334185070268,10.166088702317941,10.019162332329593,10.347659457979743,10.021905805038335,10.323110624315444,10.046537092800438,10.347659457979743
9175,10.202591713816389,10.293849242562512,10.237556561085972,10.218702865761689,10.210785655625513,10.375034218450589,10.182841068917018,10.29535864978903,10.097902097902098,10.573426573426573
9176,10.25689105569098,10.25689105569098,10.184340208067166,10.220843219565614,10.233592880978865,10.483870967741936,10.103845074375526,10.216110019646365,10.019162332329593,10.347659457979743
9178,10.129585690819493,10.166088702317941,10.111334185070268,10.257346231064062,10.046537092800438,10.347659457979743,10.049288061336254,10.46002190580504,10.019162332329593,10.347659457979743
9179,10.168869309838472,10.26064610866373,10.316444119261021,10.444485092372416,10.183410895154667,10.511908020804817,10.024855012427507,10.43910521955261,10.162043394671793,10.43669321614941
9180,10.07483117357182,10.166088702317941,10.147837196568718,10.220843219565614,10.073911853271284,10.347659457979743,10.18619934282585,10.323110624315444,10.128661374212976,10.484533260333972
9181,10.129585690819493,10.403358277057857,10.94890510948905,10.857664233576642,10.073911853271284,10.539282781275665,10.369609856262834,10.472279260780287,,
9184,10.147837196568718,10.147837196568718,10.166088702317941,10.202591713816389,10.019162332329593,10.320284697508896,10.131434830230011,10.323110624315444,10.128661374212976,10.320284697508896
9185,10.365711623573258,10.389005357558817,11.040145985401459,11.222627737226277,10.214835832995542,10.620186461289014,10.369609856262834,10.609171800136892,,
9186,10.129585690819493,10.184340208067166,10.111334185070268,10.202591713816389,10.073911853271284,10.402408978921434,10.076670317634173,10.350492880613363,10.183410895154667,10.429783739392281
9188,10.166088702317941,10.293849242562512,10.147837196568718,10.184340208067166,10.183410895154667,10.402408978921434,10.076670317634173,10.46002190580504,10.046537092800438,10.402408978921434
9261,10.436893203883495,10.679611650485437,10.223880597014926,10.42910447761194,10.138770886434438,10.563579722458227,10.112359550561798,10.308988764044944,10.179310344827586,10.482758620689655
9271,10.275597736813287,10.293849242562512,10.312100748311735,10.366855265559408,10.23816041609636,10.429783739392281,10.104052573932092,10.46002190580504,10.210785655625513,10.648781823159048
9272,10.093082679321045,10.166088702317941,10.290623286419303,10.327179674648145,10.019162332329593,10.347659457979743,10.063065533315054,10.474362489717576,10.054794520547945,10.493150684931507
9273,10.111334185070268,10.166088702317941,10.23765996343693,10.274223034734918,10.101286613742129,10.347659457979743,10.021905805038335,10.377875136911282,10.318331503841932,10.537870472008782
9274,10.436893203883495,10.679611650485437,10.223880597014926,10.42910447761194,10.138770886434438,10.563579722458227,10.112359550561798,10.308988764044944,10.179310344827586,10.482758620689655
9279,10.503842869342442,10.589239965841161,10.444586258242927,10.487130397787706,10.503842869342442,10.589239965841161,10.776255707762557,10.867579908675799,10.427066001109262,10.676650027731558
9361,10.220843219565614,10.275597736813287,10.23765996343693,10.347349177330896,10.046537092800438,10.511908020804817,10.240963855421686,10.487404162102957,10.236004390779364,10.510428100987925
9362,10.111334185070268,10.166088702317941,10.23765996343693,10.274223034734918,10.101286613742129,10.347659457979743,10.021905805038335,10.377875136911282,10.318331503841932,10.537870472008782
9372,10.13437849944009,10.358342665173572,10.129585690819493,10.166088702317941,10.13590033975085,10.447338618346546,10.076670317634173,10.377875136911282,10.046537092800438,10.375034218450589
9374,10.129585690819493,10.220843219565614,10.111334185070268,10.184340208067166,10.128661374212976,10.320284697508896,10.076670317634173,10.323110624315444,10.046537092800438,10.375034218450589
9375,10.111334185070268,10.166088702317941,10.23765996343693,10.274223034734918,10.101286613742129,10.347659457979743,10.021905805038335,10.377875136911282,10.318331503841932,10.537870472008782
9376,10.166088702317941,10.239094725314839,10.398391812865498,10.288742690058479,10.29290993703805,10.457158499863127,10.131434830230011,10.43263964950712,10.175534832693362,10.641799232035106
9377,10.166088702317941,10.239094725314839,10.217821782178218,10.435643564356436,10.128661374212976,10.457158499863127,10.257204834211342,10.319181902696002,10.221978624280625,10.5234310770074
9462,10.33035225406096,10.385106771308633,10.239094725314839,10.239094725314839,10.128661374212976,10.484533260333972,10.240963855421686,10.43263964950712,10.484533260333972,10.511908020804817
9463,10.243810243810243,10.262710262710263,10.378398236590742,10.415135929463629,10.210785655625513,10.594032302217355,10.243055555555555,10.387731481481481,10.286817429674572,10.535024820739107
9464,10.093082679321045,10.220843219565614,10.129585690819493,10.312100748311735,10.128661374212976,10.320284697508896,10.131434830230011,10.377875136911282,10.183410895154667,10.56665754174651
9471,10.129585690819493,10.184340208067166,10.161113145367997,10.234346393262541,10.019162332329593,10.429783739392281,10.049288061336254,10.405257393209201,10.313531353135314,10.478547854785479
9472,10.220843219565614,10.239094725314839,10.147837196568718,10.220843219565614,10.073911853271284,10.457158499863127,10.021905805038335,10.350492880613363,10.128661374212976,10.375034218450589
9473,10.243810243810243,10.262710262710263,10.378398236590742,10.415135929463629,10.210785655625513,10.594032302217355,10.243055555555555,10.387731481481481,10.286817429674572,10.535024820739107
9474,10.07483117357182,10.239094725314839,10.166088702317941,10.239094725314839,10.019162332329593,10.347659457979743,10.104052573932092,10.377875136911282,10.073911853271284,10.375034218450589
9475,10.093082679321045,10.220843219565614,10.129585690819493,10.312100748311735,10.128661374212976,10.320284697508896,10.131434830230011,10.377875136911282,10.183410895154667,10.56665754174651
9476,10.275597736813287,10.33035225406096,10.210045662100457,10.28310502283105,10.156036134683822,10.648781823159048,10.076670317634173,10.405257393209201,10.112359550561798,10.496026308577692
9477,10.202591713816389,10.202591713816389,10.166088702317941,10.202591713816389,10.073911853271284,10.429783739392281,10.076670317634173,10.323110624315444,10.073911853271284,10.484533260333972
9478,10.3005103005103,10.31941031941032,10.378398236590742,10.415135929463629,10.29290993703805,10.484533260333972,10.27199074074074,10.300925925925926,10.286817429674572,10.535024820739107
9561,10.184340208067166,10.257346231064062,10.212298682284041,10.395314787701318,10.183410895154667,10.621407062688201,10.131434830230011,10.596933187294633,10.335349092908192,10.555250137438152
9562,10.07483117357182,10.147837196568718,10.129585690819493,10.184340208067166,10.073911853271284,10.320284697508896,10.049288061336254,10.323110624315444,10.046537092800438,10.429783739392281
9563,10.202591713816389,10.184340208067166,10.129585690819493,10.257346231064062,10.156036134683822,10.402408978921434,10.049288061336254,10.377875136911282,10.073911853271284,10.457158499863127
9564,10.202591713816389,10.184340208067166,10.129585690819493,10.257346231064062,10.156036134683822,10.402408978921434,10.049288061336254,10.377875136911282,10.073911853271284,10.457158499863127
9565,10.421609782807082,10.567621828800876,10.257847533632287,10.285874439461884,10.265535176567205,10.511908020804817,10.301163586584531,10.54072553045859,10.153721682847896,10.396440129449838
9571,10.147837196568718,10.239094725314839,10.093082679321045,10.147837196568718,10.073911853271284,10.56665754174651,10.049288061336254,10.350492880613363,10.019162332329593,10.402408978921434
9572,10.111334185070268,10.239094725314839,10.301138450238707,10.246052148365774,10.101286613742129,10.594032302217355,10.104052573932092,10.46002190580504,10.248618784530386,10.414364640883978
9573,10.202591713816389,10.184340208067166,10.129585690819493,10.257346231064062,10.156036134683822,10.402408978921434,10.049288061336254,10.377875136911282,10.073911853271284,10.457158499863127
9575,10.07483117357182,10.166088702317941,10.111334185070268,10.275597736813287,10.019162332329593,10.511908020804817,10.076670317634173,10.323110624315444,10.073911853271284,10.347659457979743
9576,10.421609782807082,10.567621828800876,10.122419148547415,10.268591266215969,10.265535176567205,10.511908020804817,10.104052573932092,10.46002190580504,10.063065533315054,10.282423910063066
9577,10.366855265559408,10.366855265559408,10.215643274853802,10.25219298245614,10.101286613742129,10.457158499863127,10.350492880613363,10.596933187294633,10.175534832693362,10.422380691168403
9661,10.293849242562512,10.403358277057857,10.292504570383912,10.457038391224863,10.101286613742129,10.594032302217355,10.350492880613363,10.596933187294633,10.208562019758507,10.4006586169045
9662,10.229521171349425,10.328452710724179,10.276607437259571,10.423154423887159,10.183410895154667,10.511908020804817,10.13325069724202,10.412147505422993,10.211946050096339,10.569777043765484
9671,10.147837196568718,10.366855265559408,10.111334185070268,10.202591713816389,10.101286613742129,10.429783739392281,10.104052573932092,10.350492880613363,10.073911853271284,10.457158499863127
9672,10.093082679321045,10.184340208067166,10.147837196568718,10.202591713816389,10.019162332329593,10.347659457979743,10.076670317634173,10.350492880613363,10.046537092800438,10.402408978921434
9675,10.129585690819493,10.184340208067166,10.147837196568718,10.257346231064062,10.019162332329593,10.402408978921434,10.076670317634173,10.405257393209201,10.019162332329593,10.457158499863127
9676,10.166088702317941,10.239094725314839,10.147837196568718,10.147837196568718,10.156036134683822,10.375034218450589,10.021905805038335,10.350492880613363,10.073911853271284,10.375034218450589
9678,10.229521171349425,10.328452710724179,10.276607437259571,10.423154423887159,10.183410895154667,10.511908020804817,10.13325069724202,10.412147505422993,10.211946050096339,10.569777043765484
9679,10.111334185070268,10.184340208067166,10.147837196568718,10.275597736813287,10.073911853271284,10.347659457979743,10.076670317634173,10.43263964950712,10.019162332329593,10.457158499863127
9762,10.220843219565614,10.439861288556306,10.258814703675919,10.24006001500375,10.210785655625513,10.457158499863127,10.240963855421686,10.487404162102957,10.239589275527667,10.26811180832858
9764,10.187224669603523,10.315712187958884,10.214168039538714,10.214168039538714,10.242959690778575,10.463832136940917,10.243768830457409,10.408107367844426,10.225398570643211,10.417811984606926
9773,10.257346231064062,10.257346231064062,10.20783520323708,10.299797682545522,10.210785655625513,10.484533260333972,10.135321734327533,10.43910521955261,10.076880834706206,10.406370126304228
9774,10.153903903903904,10.247747747747749,10.166088702317941,10.202591713816389,10.251284980011421,10.422615648201027,10.18619934282585,10.323110624315444,10.046537092800438,10.320284697508896
9778,10.093082679321045,10.202591713816389,10.093082679321045,10.147837196568718,10.046537092800438,10.402408978921434,10.021905805038335,10.350492880613363,10.019162332329593,10.375034218450589
9779,10.129585690819493,10.275597736813287,10.093082679321045,10.166088702317941,10.101286613742129,10.484533260333972,10.021905805038335,10.377875136911282,10.046537092800438,10.320284697508896
9780,10.129585690819493,10.202591713816389,10.147837196568718,10.166088702317941,10.073911853271284,10.320284697508896,10.021905805038335,10.350492880613363,10.046537092800438,10.375034218450589
