Station_ID,von_datum,bis_datum,Haversine,Kreise_Code,recocap_rad,reco_diff_rad,elevation,Stationshoehe[m],elevation_selection
15444.0,20140901.0,20230213.0,13.98352882,8425.0,20.79040616,6.806877342,552.0,592.57,40.57000000000005
5155.0,19440101.0,20140901.0,16.90102447,8425.0,20.79040616,3.889381688,552.0,544.4,-7.600000000000023
4997.0,19941001.0,20230213.0,2.073891702,16077.0,13.46200665,11.38811494,202.0,196.0,-6.0
5750.0,19520901.0,20230213.0,13.73574139,16077.0,13.46200665,-0.273734739,202.0,212.0,10.0
151.0,19470101.0,20230213.0,2.649828459,9361.0,10.0,7.350171541,373.0,392.5,19.5
3791.0,19690101.0,20121001.0,14.13447639,3451.0,15.21037321,1.075896817,13.0,11.0,-2.0
2704.0,19931001.0,20230213.0,4.340862763,15082.0,21.47923411,17.13837134,79.0,76.22,-2.780000000000001
2704.0,19931001.0,20230213.0,4.340862763,15082.0,21.47923411,17.13837134,79.0,76.22,-2.780000000000001
4782.0,19910101.0,19911231.0,20.93261077,15082.0,21.47923411,0.546623338,79.0,87.0,8.0
7364.0,20070101.0,20230213.0,21.92864574,15082.0,21.47923411,-0.449411633,79.0,73.52,-5.480000000000004
7364.0,20070101.0,20230213.0,21.92864574,15082.0,21.47923411,-0.449411633,79.0,73.52,-5.480000000000004
445.0,18980101.0,20230213.0,22.65700935,15082.0,21.47923411,-1.177775249,79.0,82.75,3.75
445.0,18980101.0,20230213.0,14.57156288,15089.0,21.41116772,6.839604842,109.0,82.75,-26.25
3126.0,18810101.0,20230213.0,17.95339342,15089.0,21.41116772,3.457774302,109.0,79.0,-30.0
6312.0,20041101.0,20200930.0,25.44077057,9571.0,24.93697892,-0.503791646,405.0,362.0,-43.0
6158.0,19990701.0,20230213.0,8.955588506,9571.0,24.93697892,15.98139041,405.0,454.0,49.0
970.0,19850401.0,19990630.0,13.64305292,9571.0,24.93697892,11.293926,405.0,395.5,-9.5
6312.0,20041101.0,20200930.0,14.08696734,9575.0,20.07571263,5.988745295,352.0,362.0,10.0
3565.0,19470101.0,20020131.0,9.80812458,9575.0,20.07571263,10.26758805,352.0,324.0,-28.0
5403.0,19911101.0,20041231.0,14.91415222,9575.0,20.07571263,5.161560416,352.0,309.0,-43.0
5149.0,19510301.0,20221004.0,19.47904525,9575.0,20.07571263,0.596667383,352.0,327.6666667,-24.333333299999996
6158.0,19990701.0,20230213.0,9.059627885,9561.0,10.0,0.940372115,405.0,454.0,49.0
970.0,19850401.0,19990630.0,14.5394624,9561.0,10.0,-4.539462401,405.0,395.5,-9.5
4411.0,19791201.0,20230213.0,14.70482867,9671.0,14.79251896,0.087690289,138.0,151.5,13.5
2480.0,19470101.0,20230213.0,14.94703396,9671.0,14.79251896,-0.154514998,138.0,107.25,-30.75
4411.0,19791201.0,20230213.0,14.38344153,9661.0,10.0,-4.383441534,138.0,151.5,13.5
4411.0,19791201.0,20230213.0,9.015828015,6432.0,14.56637524,5.55054723,143.0,151.5,8.5
917.0,19950801.0,20230213.0,12.14300301,6432.0,14.56637524,2.423372231,143.0,162.0,19.0
243.0,19580901.0,20061231.0,1.313298035,3452.0,20.37741569,19.06411765,4.0,4.0,0.0
5839.0,19970701.0,20230213.0,19.09241171,3452.0,20.37741569,1.28500398,4.0,-0.27,-4.27
1072.0,19520101.0,20230213.0,1.879990118,7332.0,13.89847892,12.0184888,132.0,156.6666667,24.666666700000007
3576.0,19760101.0,20021031.0,12.8702504,7332.0,13.89847892,1.028228524,132.0,125.0,-7.0
1072.0,19520101.0,20230213.0,11.46934147,7338.0,10.0,-1.469341468,153.0,156.6666667,3.666666700000008
3576.0,19760101.0,20021031.0,13.3759601,7338.0,10.0,-3.375960103,153.0,125.0,-28.0
3576.0,19760101.0,20021031.0,3.487174248,7316.0,10.0,6.512825752,136.0,125.0,-11.0
4621.0,19580501.0,20031231.0,18.64235354,9672.0,18.99749598,0.355142441,206.0,240.0,34.0
4621.0,19580501.0,20031231.0,0.992861658,9678.0,16.38126602,15.38840436,226.0,240.0,14.0
4621.0,19580501.0,20031231.0,1.49077745,9662.0,10.0,8.50922255,226.0,240.0,14.0
1580.0,18840701.0,20230213.0,17.10396842,7133.0,16.62347767,-0.480490749,104.0,112.7166667,8.716666700000005
4301.0,19470101.0,20230213.0,0.867709518,7133.0,16.62347767,15.75576815,104.0,137.6,33.599999999999994
7431.0,20071101.0,20230213.0,15.05914298,9188.0,12.57607065,-2.483072336,588.0,603.5,15.5
4177.0,19480101.0,20230213.0,15.57520361,8216.0,15.45123939,-0.123964219,124.0,116.1,-7.900000000000006
3126.0,18810101.0,20230213.0,18.43778301,15083.0,27.4391152,9.001332184,112.0,79.0,-33.0
2120.0,19470301.0,20061231.0,21.93730621,15083.0,27.4391152,5.501808988,112.0,140.0,28.0
13777.0,20080601.0,20230213.0,27.00270906,15083.0,27.4391152,0.436406136,112.0,108.5,-3.5
4593.0,19950701.0,19991130.0,26.8220297,15083.0,27.4391152,0.617085491,112.0,117.0,5.0
2120.0,19470301.0,20061231.0,1.478520956,3154.0,14.58832574,13.10980479,123.0,140.0,17.0
13777.0,20080601.0,20230213.0,4.08051992,3154.0,14.58832574,10.50780582,123.0,108.5,-14.5
576.0,19870801.0,20031231.0,2.976496475,8115.0,13.975475,10.99897852,464.0,445.0,-19.0
4160.0,19701222.0,20230213.0,9.054877767,8115.0,13.975475,4.920597233,464.0,478.0,14.0
282.0,19490101.0,20230213.0,3.068894446,9471.0,19.15564395,16.08674951,262.0,239.48,-22.52000000000001
7389.0,20061201.0,20230213.0,16.28605275,12060.0,21.68484602,5.398793265,62.0,83.0,21.0
420.0,19930501.0,20230213.0,13.1834477,12060.0,21.68484602,8.501398317,62.0,55.0,-7.0
400.0,19610101.0,20230213.0,13.02596515,12060.0,21.68484602,8.658880867,62.0,60.0,-2.0
6086.0,19971101.0,20000630.0,17.06039714,12060.0,21.68484602,4.624448877,62.0,71.0,9.0
7389.0,20061201.0,20230213.0,23.25803954,12064.0,26.19029757,2.932258034,61.0,83.0,22.0
3376.0,19370101.0,20230213.0,12.88689926,12064.0,26.19029757,13.30339831,61.0,62.5,1.5
420.0,19930501.0,20230213.0,11.965182,11000.0,16.7980819,4.832899902,34.0,55.0,21.0
400.0,19610101.0,20230213.0,14.80351644,11000.0,16.7980819,1.994565465,34.0,60.0,26.0
435.0,19640101.0,20061231.0,14.41953276,11000.0,16.7980819,2.378549139,34.0,45.0,11.0
399.0,19750101.0,20150630.0,1.180157837,11000.0,16.7980819,15.61792406,34.0,35.8,1.7999999999999972
433.0,19480101.0,20230213.0,5.580677427,11000.0,16.7980819,11.21740447,34.0,47.72,13.72
430.0,19630101.0,20210505.0,7.553275754,11000.0,16.7980819,9.244806146,34.0,35.47,1.4699999999999989
403.0,19500101.0,20230213.0,9.188713478,11000.0,16.7980819,7.609368423,34.0,51.0,17.0
432.0,19780401.0,19941231.0,11.59540526,11000.0,16.7980819,5.202676637,34.0,36.0,2.0
416.0,19820701.0,19960930.0,12.35268641,11000.0,16.7980819,4.445395495,34.0,47.0,13.0
314.0,19360101.0,20230213.0,5.829964074,14625.0,27.60913342,21.77916935,204.0,220.5,16.5
320.0,18790101.0,20230213.0,4.717438068,9472.0,20.10153034,15.38409228,340.0,339.75,-0.25
320.0,18790101.0,20230213.0,4.836747163,9462.0,10.0,5.163252837,340.0,339.75,-0.25
320.0,18790101.0,20230213.0,15.78568348,9477.0,14.52911938,-1.256564095,304.0,339.75,35.75
2750.0,19490101.0,20230213.0,19.12609861,9477.0,14.52911938,-4.596979223,304.0,308.0,4.0
5434.0,19510101.0,19920531.0,15.18107459,9477.0,14.52911938,-0.651955205,304.0,317.0,13.0
4125.0,18970101.0,20061130.0,14.05220225,9172.0,16.35424348,2.302041235,467.0,462.5,-4.5
7424.0,20061201.0,20230213.0,17.27101139,9172.0,16.35424348,-0.916767904,467.0,456.5,-10.5
918.0,19871001.0,19950731.0,5.685495082,6411.0,10.0,4.314504918,144.0,134.5,-9.5
917.0,19950801.0,20230213.0,0.566433301,6411.0,10.0,9.433566699,144.0,162.0,18.0
918.0,19871001.0,19950731.0,12.91569654,6433.0,11.96223867,-0.953457877,89.0,134.5,45.5
1420.0,19490101.0,20230213.0,12.11482218,6433.0,11.96223867,-0.152583511,89.0,105.85,16.849999999999994
5906.0,19360101.0,20230213.0,14.60416121,8221.0,10.0,-4.604161214,114.0,97.025,-16.974999999999994
2080.0,19350101.0,20120912.0,2.326521482,8221.0,10.0,7.673478518,114.0,110.5,-3.5
5906.0,19360101.0,20230213.0,9.558389005,7314.0,10.0,0.441610995,96.0,97.025,1.0250000000000057
5906.0,19360101.0,20230213.0,6.844887083,8222.0,10.0,3.155112917,97.0,97.025,0.0250000000000056
435.0,19640101.0,20061231.0,29.50500687,12069.0,28.70036472,-0.804642144,32.0,45.0,13.0
3987.0,18930101.0,20230213.0,17.73126785,12069.0,28.70036472,10.96909687,32.0,80.93,48.93000000000001
3988.0,18930101.0,20191231.0,17.82113508,12069.0,28.70036472,10.87922964,32.0,81.0,49.0
4397.0,19780201.0,20051231.0,16.4906866,7134.0,15.68262906,-0.808057543,397.0,410.1,13.100000000000025
736.0,19350101.0,19991231.0,4.144722858,7134.0,15.68262906,11.5379062,397.0,392.5,-4.5
7135.0,19510101.0,20041231.0,16.87982974,8426.0,21.21815059,4.338320846,533.0,565.3333333,32.33333330000005
4433.0,19870101.0,20041231.0,11.32368307,8426.0,21.21815059,9.894467522,533.0,519.0,-14.0
6258.0,20030101.0,20230213.0,16.73393889,8436.0,22.80336188,6.069422988,450.0,461.0,11.0
7106.0,20060901.0,20230213.0,7.731969198,5711.0,10.0,2.268030802,118.0,105.0,-13.0
7106.0,20060901.0,20230213.0,19.11443926,5754.0,17.51797274,-1.59646652,75.0,105.0,30.0
1891.0,18880101.0,20020331.0,3.55915711,5754.0,17.51797274,13.95881563,75.0,72.5,-2.5
5681.0,19810901.0,19981231.0,16.69017527,7336.0,13.66894825,-3.021227016,239.0,200.0,-39.0
555.0,19400101.0,20230213.0,2.398440813,5911.0,10.0,7.601559187,100.0,96.0,-4.0
555.0,19400101.0,20230213.0,2.398440813,5911.0,10.0,7.601559187,100.0,96.0,-4.0
555.0,19400101.0,20230213.0,9.244846453,5513.0,10.0,0.755153547,60.0,96.0,36.0
555.0,19400101.0,20230213.0,9.244846453,5513.0,10.0,0.755153547,60.0,96.0,36.0
2173.0,19760101.0,20071231.0,9.575265763,5513.0,10.0,0.424734237,60.0,60.0,0.0
555.0,19400101.0,20230213.0,3.988669941,5916.0,10.0,6.011330059,65.0,96.0,31.0
555.0,19400101.0,20230213.0,3.988669941,5916.0,10.0,6.011330059,65.0,96.0,31.0
13696.0,20071201.0,20230213.0,14.33802221,5916.0,10.0,-4.338022214,65.0,60.0,-5.0
2173.0,19760101.0,20071231.0,7.239660027,5916.0,10.0,2.760339973,65.0,60.0,-5.0
555.0,19400101.0,20230213.0,12.61348645,5562.0,15.54811012,2.934623663,85.0,96.0,11.0
13696.0,20071201.0,20230213.0,14.42781381,5562.0,15.54811012,1.120296312,85.0,60.0,-25.0
2173.0,19760101.0,20071231.0,4.099721513,5562.0,15.54811012,11.4483886,85.0,60.0,-25.0
6258.0,20030101.0,20230213.0,6.930764335,8435.0,14.60510922,7.674344886,446.0,461.0,15.0
617.0,20040601.0,20230213.0,3.72676877,5554.0,21.28902309,17.56225432,50.0,47.0,-3.0
554.0,19470101.0,20060228.0,22.16797427,5554.0,21.28902309,-0.878951174,50.0,21.95,-28.05
554.0,19470101.0,20060228.0,19.8723663,5170.0,18.24100495,-1.631361347,24.0,21.95,-2.0500000000000007
1087.0,19510101.0,19931231.0,23.02073274,5170.0,18.24100495,-4.779727789,24.0,23.5,-0.5
13670.0,20070601.0,20230213.0,17.56013742,5170.0,18.24100495,0.680867535,24.0,24.0,0.0
1087.0,19510101.0,19931231.0,8.295915726,5119.0,10.0,1.704084274,35.0,23.5,-11.5
650.0,19480701.0,20010430.0,0.310352791,12051.0,10.0,9.689647209,32.0,32.5,0.5
6265.0,20040501.0,20230213.0,12.36289273,12051.0,10.0,-2.362892729,32.0,36.0,4.0
650.0,19480701.0,20010430.0,20.59306541,12063.0,23.46943457,2.876369162,34.0,32.5,-1.5
5825.0,19530701.0,20230213.0,18.1447572,12063.0,23.46943457,5.324677372,34.0,40.0,6.0
662.0,19610101.0,20230213.0,22.28950356,3151.0,22.29054208,0.001038523,53.0,81.44,28.44
5676.0,19810401.0,20230213.0,13.7411629,3151.0,22.29054208,8.549379183,53.0,75.16666667,22.16666667
7432.0,20070501.0,20230213.0,19.45122847,3151.0,22.29054208,2.839313613,53.0,70.5,17.5
662.0,19610101.0,20230213.0,16.77657141,3102.0,10.0,-6.776571409,93.0,81.44,-11.560000000000002
4364.0,19650101.0,19991231.0,13.2936557,3102.0,10.0,-3.293655696,93.0,134.0,41.0
1224.0,19751101.0,20230213.0,2.241692762,8316.0,14.65045187,12.40875911,201.0,207.1666667,6.166666700000008
5453.0,19920601.0,20031231.0,13.62177647,8316.0,14.65045187,1.028675402,201.0,173.5,-27.5
1443.0,18740101.0,20230213.0,3.216986263,8311.0,10.0,6.783013737,278.0,252.73,-25.27000000000001
5442.0,19490401.0,20051231.0,6.534750672,15084.0,21.14036597,14.6056153,148.0,109.0,-39.0
5442.0,19490401.0,20051231.0,20.16438613,15088.0,21.36141322,1.197027091,141.0,109.0,-32.0
2878.0,19470401.0,20230213.0,2.030595901,15088.0,21.36141322,19.33081732,141.0,118.19,-22.81
1957.0,19510101.0,20150323.0,16.39442514,15088.0,21.36141322,4.966988077,141.0,93.0,-48.0
850.0,19740801.0,20230213.0,4.676703877,3351.0,22.20840635,17.53170247,40.0,41.87,1.8699999999999972
851.0,19480201.0,19960430.0,4.602358263,9372.0,21.86137279,17.25901453,370.0,398.625,28.625
4559.0,19960501.0,20230213.0,7.335853615,9372.0,21.86137279,14.52551918,370.0,398.0,28.0
3045.0,19930501.0,20070630.0,16.0611116,3453.0,21.19892344,5.137811843,39.0,27.0,-12.0
44.0,19690101.0,20230213.0,16.20061406,3453.0,21.19892344,4.998309375,39.0,44.0,5.0
867.0,19470101.0,20230213.0,5.259660609,9473.0,13.77475084,8.515090231,292.0,334.2633333,42.2633333
867.0,19470101.0,20230213.0,5.397155022,9463.0,10.0,4.602844978,292.0,334.2633333,42.2633333
5434.0,19510101.0,19920531.0,13.99130435,9478.0,12.90513016,-1.086174189,273.0,317.0,44.0
535.0,19470101.0,20230213.0,14.51590019,7140.0,17.43569245,2.919792261,439.0,412.3333333,-26.666666700000007
4709.0,19790401.0,20230213.0,11.35813916,7140.0,17.43569245,6.077553291,439.0,440.6666667,1.6666667000000075
880.0,18870101.0,20230213.0,2.496773735,12052.0,10.0,7.503226265,75.0,68.66,-6.340000000000003
1079.0,19350101.0,19960731.0,3.136866058,5111.0,10.0,6.863133942,38.0,37.0,-1.0
1078.0,19520101.0,20230213.0,7.868500753,5111.0,10.0,2.131499247,38.0,36.8,-1.2000000000000028
1079.0,19350101.0,19960731.0,6.934535449,5162.0,13.5215475,6.587012054,53.0,37.0,-16.0
1078.0,19520101.0,20230213.0,15.60209172,5162.0,13.5215475,-2.08054422,53.0,36.8,-16.200000000000003
1078.0,19520101.0,20230213.0,14.9182301,5114.0,10.0,-4.918230096,38.0,36.8,-1.2000000000000028
1084.0,19940501.0,20070531.0,11.86004857,5114.0,10.0,-1.860048574,38.0,31.0,-7.0
5064.0,20041201.0,20230213.0,9.555382108,5114.0,10.0,0.444617892,38.0,37.0,-1.0
3083.0,19911001.0,20230213.0,10.47118178,12061.0,26.92319807,16.45201629,42.0,56.75,14.75
303.0,19930820.0,20230213.0,23.32154722,12061.0,26.92319807,3.601650855,42.0,54.61,12.61
303.0,19930820.0,20230213.0,14.46736382,12072.0,25.79376203,11.3263982,39.0,54.61,15.61
303.0,19930820.0,20230213.0,14.46736382,12072.0,25.79376203,11.3263982,39.0,54.61,15.61
3271.0,19410101.0,20230213.0,3.956995866,9271.0,16.64971896,12.6927231,314.0,313.5,-0.5
4063.0,19510101.0,20230213.0,23.55982264,3251.0,25.2160908,1.656268158,37.0,45.5,8.5
963.0,19520901.0,20230213.0,3.297092561,3251.0,25.2160908,21.91899824,37.0,37.35,0.3500000000000014
963.0,19520901.0,20230213.0,16.32579247,3460.0,16.09986093,-0.225931543,33.0,37.35,4.350000000000001
982.0,19470501.0,20061130.0,1.264704386,9773.0,15.92834953,14.66364515,433.0,427.5,-5.5
983.0,20061201.0,20230213.0,5.519557403,9773.0,15.92834953,10.40879213,433.0,419.0,-14.0
7395.0,20071201.0,20230213.0,3.275392615,9279.0,16.77683233,13.50143972,365.0,350.47,-14.529999999999973
2920.0,19780901.0,19970630.0,14.86595315,9279.0,16.77683233,1.910879181,365.0,365.0,0.0
1200.0,19980101.0,20230213.0,17.93008718,1051.0,21.48601075,3.555923566,15.0,2.99,-12.01
1451.0,19701101.0,20230213.0,18.90879872,1051.0,21.48601075,2.577212022,15.0,1.5,-13.5
2429.0,19880301.0,20230213.0,20.48183507,1051.0,21.48601075,1.004175672,15.0,19.64,4.640000000000001
2023.0,19980101.0,20230213.0,3.846150591,9779.0,20.04985644,16.20370585,453.0,479.03,26.029999999999973
7319.0,20050301.0,20230213.0,10.05959015,9779.0,20.04985644,9.990266289,453.0,434.5,-18.5
3621.0,19470101.0,20230213.0,15.07006596,9779.0,20.04985644,4.979790476,453.0,435.0,-18.0
1032.0,19500101.0,19990930.0,4.796542878,5913.0,10.0,5.203457122,86.0,120.0,34.0
13696.0,20071201.0,20230213.0,10.06868925,5913.0,10.0,-0.06868925,86.0,60.0,-26.0
1032.0,19500101.0,19990930.0,10.9887051,5978.0,13.07875095,2.090045854,100.0,120.0,20.0
5480.0,19750101.0,20230213.0,14.5009235,5978.0,13.07875095,-1.422172553,100.0,84.76,-15.239999999999997
1051.0,19360101.0,20230213.0,3.749097871,14612.0,10.27284725,6.52374938,113.0,119.0,6.0
1050.0,19490101.0,20230213.0,8.191669524,14612.0,10.27284725,2.081177728,113.0,112.5,-0.5
1087.0,19510101.0,19931231.0,3.687126317,5112.0,10.0,6.312873683,33.0,23.5,-9.5
1084.0,19940501.0,20070531.0,6.032295566,5112.0,10.0,3.967704434,33.0,31.0,-2.0
13670.0,20070601.0,20230213.0,9.129608122,5112.0,10.0,0.870391878,33.0,24.0,-9.0
1103.0,19780101.0,20230213.0,3.120501494,9175.0,13.32378698,10.20328548,558.0,576.625,18.625
1161.0,19550101.0,20230213.0,4.114924457,9176.0,19.63153231,15.51660785,393.0,384.0,-9.0
1964.0,19520101.0,20230213.0,6.740316076,7232.0,22.70286821,15.96255214,311.0,311.0,0.0
6305.0,20041201.0,20230213.0,4.017069558,16064.0,17.68018638,13.66311682,234.0,193.0,-41.0
1920.0,19780601.0,20071231.0,6.175106237,5914.0,10.0,3.824893763,106.0,100.0,-6.0
3924.0,19370101.0,20050831.0,3.256418038,8231.0,10.0,6.743581962,261.0,245.5,-15.5
1262.0,19920517.0,20230213.0,7.823555279,9178.0,16.05307555,8.229520267,448.0,444.0333333,-3.966666700000019
5404.0,19360701.0,20230213.0,3.647838356,9178.0,16.05307555,12.40523719,448.0,473.55,25.55000000000001
3668.0,18790101.0,20230213.0,10.60630699,9562.0,10.0,-0.606306991,279.0,312.7366667,33.7366667
5185.0,19711101.0,20061231.0,4.670906697,9562.0,10.0,5.329093303,279.0,291.0,12.0
1279.0,19490101.0,20230213.0,6.321632288,9562.0,10.0,3.678367712,279.0,267.5,-11.5
3668.0,18790101.0,20230213.0,5.532492025,9563.0,10.0,4.467507975,294.0,312.7366667,18.7366667
3668.0,18790101.0,20230213.0,5.697424481,9564.0,10.0,4.302575519,302.0,312.7366667,10.7366667
5185.0,19711101.0,20061231.0,13.80602879,9572.0,13.55846587,-0.247562914,279.0,291.0,12.0
1279.0,19490101.0,20230213.0,10.19445328,9572.0,13.55846587,3.364012595,279.0,267.5,-11.5
5185.0,19711101.0,20061231.0,13.96916142,9474.0,14.22856354,0.259402117,266.0,291.0,25.0
1279.0,19490101.0,20230213.0,8.541478764,9474.0,14.22856354,5.687084773,266.0,267.5,1.5
888.0,19650101.0,19911216.0,13.29448117,14524.0,17.34306354,4.048582368,267.0,269.0,2.0
4926.0,19460101.0,20130514.0,8.431761345,8116.0,14.25098778,5.819226436,241.0,223.5,-17.5
5284.0,19780101.0,19911231.0,9.536343076,8116.0,14.25098778,4.714644705,241.0,224.0,-17.0
4926.0,19460101.0,20130514.0,2.960140086,8111.0,10.0,7.039859914,245.0,223.5,-21.5
6275.0,20040701.0,20230213.0,14.51227258,8117.0,14.30378453,-0.208488052,323.0,326.5,3.5
1102.0,19871101.0,20021231.0,9.098516855,8117.0,14.30378453,5.205267672,323.0,300.0,-23.0
1327.0,19370101.0,20230213.0,5.632476204,5366.0,19.83606731,14.2035911,160.0,161.6666667,1.6666667000000075
3139.0,19831101.0,20041231.0,5.831003629,9179.0,11.73303575,5.902032121,517.0,509.0,-8.0
6346.0,20050201.0,20230213.0,3.83879545,9179.0,11.73303575,7.8942403,517.0,531.0,14.0
1378.0,19850701.0,20061231.0,2.9754315,1001.0,10.0,7.0245685,12.0,45.0,33.0
1666.0,19710101.0,20230213.0,6.745978606,1001.0,10.0,3.254021394,12.0,19.36,7.359999999999999
5692.0,19360101.0,20230213.0,6.78390871,7311.0,10.0,3.21609129,96.0,89.66666667,-6.333333330000002
5692.0,19360101.0,20230213.0,2.811301084,7319.0,10.0,7.188698916,100.0,89.66666667,-10.333333330000002
1424.0,19851101.0,20230213.0,2.02139651,6412.0,10.0,7.97860349,112.0,115.5,3.5
3776.0,19571101.0,19951031.0,5.4705325,6412.0,10.0,4.5294675,112.0,110.0,-2.0
7341.0,20050715.0,20230213.0,7.772312997,6412.0,10.0,2.227687003,112.0,118.64,6.640000000000001
1424.0,19851101.0,20230213.0,9.781214039,6438.0,10.46952318,0.68830914,98.0,115.5,17.5
3776.0,19571101.0,19951031.0,3.29354124,6438.0,10.46952318,7.175981939,98.0,110.0,12.0
7341.0,20050715.0,20230213.0,1.484920075,6438.0,10.46952318,8.984603105,98.0,118.64,20.64
2000.0,19950601.0,19960930.0,9.152396856,6438.0,10.46952318,1.317126323,98.0,106.0,8.0
1424.0,19851101.0,20230213.0,6.955904075,6413.0,10.0,3.044095925,98.0,115.5,17.5
3776.0,19571101.0,19951031.0,1.296923882,6413.0,10.0,8.703076118,98.0,110.0,12.0
7341.0,20050715.0,20230213.0,2.48671378,6413.0,10.0,7.51328622,98.0,118.64,20.64
5404.0,19360701.0,20230213.0,19.71200007,9186.0,15.55042348,-4.16157659,428.0,473.55,45.55000000000001
19087.0,19570501.0,19951130.0,2.209549858,9272.0,17.56257392,15.35302406,626.0,637.5,11.5
1735.0,19951201.0,20230213.0,3.824605305,9272.0,17.56257392,13.73796861,626.0,638.5,12.5
2456.0,19310101.0,20050826.0,8.668303171,3455.0,14.00135799,5.333054818,1.0,7.0,6.0
6157.0,19990201.0,20230213.0,16.57409008,3455.0,14.00135799,-2.57273209,1.0,2.5,1.5
2456.0,19310101.0,20050826.0,14.9253219,3405.0,10.0,-4.925321897,3.0,7.0,4.0
6157.0,19990201.0,20230213.0,12.70074747,3405.0,10.0,-2.700747467,3.0,2.5,-0.5
2456.0,19310101.0,20050826.0,8.378617524,3462.0,14.56946231,6.190844789,4.0,7.0,3.0
1299.0,19790901.0,19991031.0,13.71250554,3462.0,14.56946231,0.856956775,4.0,3.0,-1.0
1691.0,19270101.0,20230213.0,3.784166301,3152.0,18.90499344,15.12082714,150.0,169.8066667,19.806666699999997
1886.0,20091126.0,20230213.0,3.989914866,9774.0,15.61536527,11.6254504,465.0,443.5,-21.5
1886.0,20091126.0,20230213.0,3.989914866,9774.0,15.61536527,11.6254504,465.0,443.5,-21.5
7331.0,20050901.0,20230213.0,17.36554328,9774.0,15.61536527,-1.750178012,465.0,466.5,1.5
3485.0,19910601.0,20230213.0,17.43312651,9774.0,15.61536527,-1.817761244,465.0,487.0,22.0
7331.0,20050901.0,20230213.0,11.22583861,8135.0,14.04391946,2.818080854,504.0,466.5,-37.5
2088.0,19470101.0,20050430.0,1.208969761,8135.0,14.04391946,12.8349497,504.0,509.28,5.279999999999973
1550.0,19360101.0,20230213.0,2.771850588,9180.0,17.98596396,15.21411337,708.0,719.25,11.25
211.0,19810901.0,19991231.0,14.54183536,6531.0,16.58497706,2.043141704,159.0,180.0,21.0
1639.0,19390101.0,20230213.0,2.748050531,6531.0,16.58497706,13.83692653,159.0,202.95,43.94999999999999
5676.0,19810401.0,20230213.0,7.113426593,3103.0,10.0,2.886573407,63.0,75.16666667,12.166666669999998
2878.0,19470401.0,20230213.0,12.01550698,15002.0,10.0,-2.015506984,88.0,118.19,30.19
1957.0,19510101.0,20150323.0,3.761976347,15002.0,10.0,6.238023653,88.0,93.0,5.0
1975.0,19360101.0,20230213.0,9.250692024,2000.0,15.55916014,6.308468117,6.0,12.56666667,6.56666667
1990.0,19510101.0,20061231.0,9.342340967,2000.0,15.55916014,6.216819175,6.0,19.5,13.5
1981.0,19620501.0,20230213.0,10.6489347,2000.0,15.55916014,4.910225444,6.0,3.0,-3.0
1975.0,19360101.0,20230213.0,12.54546043,1056.0,14.54430497,1.998844531,9.0,12.56666667,3.56666667
4039.0,19741201.0,20230213.0,9.943026314,1056.0,14.54430497,4.601278651,9.0,11.795,2.795
1975.0,19360101.0,20230213.0,20.92623639,1062.0,15.6683174,-5.257918986,36.0,12.56666667,-23.43333333
1990.0,19510101.0,20061231.0,15.54252214,1062.0,15.6683174,0.125795265,36.0,19.5,-16.5
52.0,19690101.0,20011231.0,6.723402069,1062.0,15.6683174,8.944915335,36.0,46.0,10.0
5480.0,19750101.0,20230213.0,15.08679705,5974.0,20.6151817,5.528384655,90.0,84.76,-5.239999999999995
326.0,20040701.0,20130708.0,16.77628414,5974.0,20.6151817,3.838897564,90.0,120.0,30.0
3031.0,19801201.0,20230213.0,21.04136214,5974.0,20.6151817,-0.426180444,90.0,92.0,2.0
2095.0,19470701.0,20031031.0,1.073483985,8125.0,18.63935613,17.56587214,157.0,167.0,10.0
2095.0,19470701.0,20031031.0,1.101204855,8121.0,10.0,8.898795145,157.0,167.0,10.0
2147.0,19360101.0,20071231.0,1.627262326,5758.0,12.08362633,10.456364,65.0,77.0,12.0
4371.0,19350101.0,20230213.0,16.15143658,5766.0,19.88266051,3.731223936,161.0,134.6,-26.40000000000001
4442.0,19810101.0,20071231.0,18.94511726,5766.0,19.88266051,0.937543251,161.0,155.0,-6.0
13776.0,20080301.0,20101231.0,2.973894768,3254.0,19.56426747,16.5903727,81.0,85.0,4.0
2206.0,19530301.0,20080229.0,4.776299966,3254.0,19.56426747,14.7879675,81.0,108.5,27.5
13776.0,20080301.0,20101231.0,26.00726191,3241.0,27.0868896,1.07962769,55.0,85.0,30.0
2014.0,19360101.0,20230213.0,11.09269536,3241.0,27.0868896,15.99419423,55.0,55.24,0.240000000000002
2260.0,19490101.0,20061231.0,1.168501865,9475.0,16.88719402,15.71869216,500.0,474.0,-26.0
2260.0,19490101.0,20061231.0,0.733020544,9464.0,10.0,9.266979456,500.0,474.0,-26.0
3761.0,19470101.0,20230213.0,19.10410095,8127.0,21.66037093,2.556269978,304.0,275.97,-28.029999999999973
3425.0,19510101.0,20040531.0,19.65898188,8127.0,21.66037093,2.001389052,304.0,344.0,40.0
2323.0,19510101.0,20230213.0,4.281064024,3255.0,14.77411924,10.49305521,89.0,119.0,30.0
588.0,19920501.0,19960731.0,9.245120196,3255.0,14.77411924,5.528999042,89.0,105.0,16.0
3204.0,19831101.0,20230213.0,8.537847468,16070.0,16.37453204,7.836684576,404.0,429.0,25.0
2486.0,19010101.0,20230213.0,2.193928506,7335.0,14.16608774,11.97215924,251.0,266.6666667,15.666666700000007
2486.0,19010101.0,20230213.0,2.122472253,7312.0,10.0,7.877527747,251.0,266.6666667,15.666666700000007
2522.0,18760101.0,20081031.0,4.511786767,8215.0,18.56797917,14.05619241,115.0,111.6,-3.4000000000000057
4177.0,19480101.0,20230213.0,6.568246507,8215.0,18.56797917,11.99973267,115.0,116.1,1.0999999999999943
2522.0,18760101.0,20081031.0,4.511786767,8212.0,10.0,5.488213233,115.0,111.6,-3.4000000000000057
4177.0,19480101.0,20230213.0,6.568246507,8212.0,10.0,3.431753493,115.0,116.1,1.0999999999999943
2542.0,19700501.0,20160331.0,2.330521777,9762.0,10.0,7.669478223,678.0,718.0,40.0
3244.0,19610101.0,20230213.0,22.04919505,9778.0,19.83554667,-2.213648375,618.0,606.3333333,-11.66666669999995
4104.0,18790101.0,20230213.0,21.6559917,9273.0,18.42591161,-3.23008009,343.0,365.68,22.680000000000007
3578.0,19811001.0,20061231.0,21.08577111,9273.0,18.42591161,-2.659859491,343.0,336.5,-6.5
4104.0,18790101.0,20230213.0,3.232281232,9375.0,20.99212907,17.75984784,337.0,365.68,28.680000000000007
3578.0,19811001.0,20061231.0,4.594993951,9375.0,20.99212907,16.39713512,337.0,336.5,-0.5
4104.0,18790101.0,20230213.0,2.573971245,9362.0,10.0,7.426028755,337.0,365.68,28.680000000000007
3578.0,19811001.0,20061231.0,5.303207743,9362.0,10.0,4.696792257,337.0,336.5,-0.5
2559.0,19520101.0,20230213.0,20.81677874,9780.0,22.09341654,1.276637802,743.0,705.1,-37.89999999999998
2564.0,19740101.0,20230213.0,21.24678114,1058.0,26.33790159,5.091120445,19.0,27.705,8.704999999999998
3537.0,18880101.0,20070831.0,24.67912729,1058.0,26.33790159,1.658774297,19.0,24.0,5.0
6105.0,19980601.0,20230213.0,3.802708792,1058.0,26.33790159,22.53519279,19.0,14.75,-4.25
2303.0,19690101.0,20230213.0,20.12671951,1058.0,26.33790159,6.211182075,19.0,10.0,-9.0
2600.0,19821101.0,20230213.0,1.240649148,9675.0,14.6262245,13.38557536,205.0,207.75,2.75
2600.0,19821101.0,20230213.0,18.34325161,9679.0,17.44212604,-0.901125575,177.0,207.75,30.75
5032.0,19860501.0,20031231.0,12.89296161,9679.0,17.44212604,4.549164425,177.0,181.6,4.599999999999994
161.0,19801201.0,20230213.0,14.6200311,7111.0,10.0,-4.620031102,65.0,75.01,10.010000000000003
2657.0,19510101.0,20080131.0,1.858238574,7111.0,10.0,8.141761426,65.0,78.5,13.5
1229.0,19470101.0,19970331.0,7.677863235,7111.0,10.0,2.322136765,65.0,83.5,18.5
2750.0,19490101.0,20230213.0,1.485326721,9476.0,14.37251386,12.88718714,318.0,308.0,-10.0
1169.0,19760201.0,19990930.0,5.201581864,8336.0,16.0745438,10.87296193,294.0,264.0,-30.0
4175.0,19530901.0,20230213.0,10.22874963,8336.0,16.0745438,5.845794163,294.0,284.75,-9.25
3086.0,19850301.0,20230213.0,7.17072857,1003.0,10.0,2.82927143,13.0,14.22,1.2200000000000006
3103.0,19470501.0,19971231.0,2.173513312,3355.0,20.52847874,18.35496543,17.0,11.0,-6.0
6093.0,19980201.0,20230213.0,5.68412819,3355.0,20.52847874,14.84435055,17.0,62.0,45.0
2543.0,19680101.0,20081231.0,4.560645036,9181.0,15.96222726,11.40158223,587.0,585.0,-2.0
2783.0,19660901.0,19920831.0,2.626224416,9274.0,20.58606988,17.95984546,393.0,436.0,43.0
2831.0,19470111.0,20080331.0,2.831948273,9274.0,20.58606988,17.7541216,393.0,393.0,0.0
2783.0,19660901.0,19920831.0,2.626224416,9261.0,10.0,7.373775584,393.0,436.0,43.0
2831.0,19470111.0,20080331.0,2.831948273,9261.0,10.0,7.168051727,393.0,393.0,0.0
2928.0,18631201.0,20230213.0,5.719956017,14713.0,10.0,4.280043983,113.0,138.0,25.0
4625.0,18900101.0,20230213.0,38.87596338,13076.0,38.89086484,0.014901462,49.0,58.79,9.79
3196.0,19020101.0,20230213.0,12.72816374,13076.0,38.89086484,26.1627011,49.0,81.12,32.120000000000005
1694.0,19470101.0,20230213.0,26.25853656,13076.0,38.89086484,12.63232827,49.0,58.325,9.325000000000005
4625.0,18900101.0,20230213.0,25.93501706,13074.0,26.00538563,0.070368566,36.0,58.79,22.79
5078.0,19400101.0,20230213.0,22.58703455,13074.0,26.00538563,3.418351076,36.0,9.0,-27.0
4625.0,18900101.0,20230213.0,2.369184918,13004.0,10.0,7.630815082,44.0,58.79,14.79
3376.0,19370101.0,20230213.0,26.44522668,12067.0,26.83575993,0.390533243,107.0,62.5,-44.5
3015.0,19060401.0,20230213.0,8.379569063,12067.0,26.83575993,18.45619086,107.0,97.69,-9.310000000000002
3096.0,19400101.0,19951231.0,2.122639178,5962.0,18.3896346,16.26699542,433.0,444.0,11.0
3098.0,19931223.0,20230213.0,3.521068785,5962.0,18.3896346,14.86856581,433.0,386.7,-46.30000000000001
13713.0,20071101.0,20230213.0,14.71951847,5962.0,18.3896346,3.670116128,433.0,386.0,-47.0
4127.0,19911001.0,20230213.0,11.14374241,5966.0,15.00020893,3.856466518,327.0,348.5,21.5
3379.0,19540601.0,20230213.0,3.7715488,9162.0,10.10001277,6.328463972,520.0,525.185,5.184999999999945
3385.0,19550101.0,19990331.0,6.378739871,9162.0,10.10001277,3.721272901,520.0,515.0,-5.0
3388.0,19940201.0,19970131.0,7.403741804,9162.0,10.10001277,2.696270968,520.0,542.0,22.0
3390.0,19400101.0,19920517.0,9.944980884,9162.0,10.10001277,0.155031888,520.0,529.0,9.0
4987.0,19860501.0,20040630.0,5.337899842,8128.0,20.40721585,15.069316,188.0,179.0,-9.0
5540.0,19360101.0,20120630.0,2.272436879,6414.0,10.0,7.727563121,115.0,144.5,29.5
1182.0,19470101.0,20010531.0,12.49761663,15087.0,21.47832826,8.98071163,145.0,146.0,1.0
3226.0,20060801.0,20230213.0,20.72953327,15087.0,21.47832826,0.74879499,145.0,107.0,-38.0
7244.0,19670101.0,20040930.0,16.78759034,13071.0,41.85452883,25.06693849,64.0,62.0,-2.0
3509.0,20041001.0,20230213.0,21.12782866,13071.0,41.85452883,20.72670017,64.0,78.0,14.0
5643.0,19940301.0,20230213.0,29.57204298,13071.0,41.85452883,12.28248585,64.0,67.5,3.5
5349.0,18890701.0,20230213.0,31.72004652,13071.0,41.85452883,10.13448231,64.0,71.305,7.305000000000007
3478.0,19760701.0,20050816.0,35.33336372,13071.0,41.85452883,6.521165111,64.0,81.0,17.0
96.0,20190409.0,20230213.0,37.14075086,13071.0,41.85452883,4.713777972,64.0,49.84,-14.159999999999997
3552.0,19610101.0,20190408.0,41.96507751,13071.0,41.85452883,-0.110548679,64.0,38.22,-25.78
7244.0,19670101.0,20040930.0,27.19255149,12068.0,28.35548041,1.162928924,65.0,62.0,-3.0
3509.0,20041001.0,20230213.0,24.66140593,12068.0,28.35548041,3.69407448,65.0,78.0,13.0
96.0,20190409.0,20230213.0,7.033183007,12068.0,28.35548041,21.3222974,65.0,49.84,-15.159999999999997
3552.0,19610101.0,20190408.0,7.68561852,12068.0,28.35548041,20.66986189,65.0,38.22,-26.78
2794.0,19450501.0,20230213.0,23.21923824,12068.0,28.35548041,5.136242172,65.0,40.2,-24.8
3509.0,20041001.0,20230213.0,24.43166147,12065.0,23.98290501,-0.448756461,57.0,78.0,21.0
5745.0,19480701.0,20230213.0,9.071848173,12065.0,23.98290501,14.91105683,57.0,51.0,-6.0
164.0,19080517.0,20230213.0,25.65762269,12073.0,31.33514038,5.677517685,53.0,53.91,0.9099999999999966
3244.0,19610101.0,20230213.0,3.236235865,9764.0,10.0,6.763764135,601.0,606.3333333,5.333333300000049
4490.0,19660101.0,20021231.0,12.59850977,10044.0,12.09905747,-0.499452301,181.0,223.0,42.0
5717.0,19370101.0,20230213.0,9.371264014,5158.0,11.44422748,2.072963467,140.0,134.0,-6.0
5717.0,19370101.0,20230213.0,6.629798779,5124.0,10.0,3.370201221,160.0,134.0,-26.0
3291.0,19801101.0,20031231.0,2.450358158,9676.0,15.14467045,12.6943123,129.0,128.5,-0.5
2691.0,19940401.0,20081231.0,3.564387112,9185.0,15.2109047,11.64651759,427.0,378.0,-49.0
3537.0,18880101.0,20070831.0,1.2947497,1004.0,10.0,8.7052503,22.0,24.0,2.0
7427.0,20070901.0,20230213.0,7.312797961,1004.0,10.0,2.687202039,22.0,16.5,-5.5
4278.0,19510101.0,20081231.0,0.421148255,9576.0,16.95171767,16.53056941,339.0,345.5,6.5
4280.0,19710101.0,20230213.0,3.607719389,9576.0,16.95171767,13.34399828,339.0,385.8833333,46.8833333
5397.0,19470101.0,20230213.0,7.295127278,9374.0,21.2310822,13.93595492,419.0,438.8,19.80000000000001
5046.0,19670101.0,20230213.0,2.576862532,9377.0,18.60295384,16.02609131,504.0,510.75,6.75
2907.0,19741101.0,20230213.0,17.23849861,1054.0,26.17913642,8.940637808,2.0,6.995,4.995
7298.0,20050701.0,20230213.0,12.73212206,1054.0,26.17913642,13.44701437,2.0,4.0,2.0
4629.0,19721001.0,19991130.0,15.82948804,1054.0,26.17913642,10.34964838,2.0,37.0,35.0
4748.0,18610101.0,20101231.0,16.29856836,16062.0,15.10232079,-1.196247564,208.0,204.5,-3.5
2641.0,19941001.0,20230213.0,10.77183292,14730.0,25.45116096,14.67932805,102.0,90.4,-11.599999999999994
2641.0,19941001.0,20230213.0,10.77183292,14730.0,25.45116096,14.67932805,102.0,90.4,-11.599999999999994
5078.0,19400101.0,20230213.0,20.82895024,1055.0,21.01115175,0.18220151,43.0,9.0,-34.0
3897.0,19980101.0,20230213.0,7.482404493,1055.0,21.01115175,13.52874726,43.0,2.18,-40.82
1329.0,19360101.0,20031231.0,14.48785089,1055.0,21.01115175,6.523300864,43.0,50.0,7.0
2306.0,19771101.0,20230213.0,21.48123517,1055.0,21.01115175,-0.470083417,43.0,7.75,-35.25
1238.0,19510101.0,19960930.0,10.1810385,5378.0,11.96094524,1.77990674,130.0,142.0,12.0
2627.0,19960701.0,20230213.0,6.215569256,12066.0,19.7108205,13.49525124,130.0,128.0,-2.0
2627.0,19960701.0,20230213.0,6.215569256,12066.0,19.7108205,13.49525124,130.0,128.0,-2.0
7393.0,20100101.0,20230213.0,23.6130323,12066.0,19.7108205,-3.902211804,130.0,116.01,-13.989999999999997
7393.0,20100101.0,20230213.0,23.6130323,12066.0,19.7108205,-3.902211804,130.0,116.01,-13.989999999999997
3815.0,19520201.0,20101130.0,1.943625365,3459.0,25.91180357,23.96817821,64.0,95.36,31.36
342.0,20101201.0,20230213.0,9.512424267,3459.0,25.91180357,16.3993793,64.0,103.29,39.290000000000006
3236.0,19860701.0,20011231.0,23.60272587,3459.0,25.91180357,2.309077705,64.0,81.33333333,17.333333330000002
78.0,19610101.0,20230213.0,25.41697207,3459.0,25.91180357,0.494831502,64.0,52.16666667,-11.833333330000002
3815.0,19520201.0,20101130.0,1.893545395,3404.0,10.0,8.106454605,64.0,95.36,31.36
342.0,20101201.0,20230213.0,9.677616026,3404.0,10.0,0.322383974,64.0,103.29,39.290000000000006
1329.0,19360101.0,20031231.0,11.31461474,1057.0,18.58702607,7.272411322,28.0,50.0,22.0
4320.0,19880601.0,19920930.0,14.6240419,1057.0,18.58702607,3.962984171,28.0,36.0,8.0
3955.0,19500101.0,19970131.0,1.027953458,1057.0,18.58702607,17.55907261,28.0,24.0,-4.0
6163.0,19991004.0,20230213.0,4.361122544,1057.0,18.58702607,14.22590352,28.0,27.03,-0.9699999999999988
15951.0,19760401.0,20040831.0,10.8934407,7340.0,17.41342263,6.519981927,308.0,280.0,-28.0
4320.0,19880601.0,19920930.0,17.83661101,1060.0,20.65563593,2.819024926,39.0,36.0,-3.0
5280.0,19810401.0,20230213.0,6.114643118,1060.0,20.65563593,14.54099281,39.0,38.75,-0.25
3425.0,19510101.0,20040531.0,6.837549399,8119.0,16.53478511,9.69723571,319.0,344.0,25.0
4261.0,19500101.0,20230213.0,2.377176689,9163.0,10.0,7.622823311,447.0,443.0,-4.0
4271.0,19470101.0,20230213.0,10.93527695,13072.0,32.99999365,22.0647167,13.0,4.75,-8.25
1803.0,19670101.0,20230213.0,14.08795345,13072.0,32.99999365,18.9120402,13.0,34.25,21.25
1000.0,19910701.0,19970831.0,18.45486259,13072.0,32.99999365,14.54513107,13.0,3.0,-10.0
4275.0,19460101.0,20230213.0,4.780778162,3357.0,25.64838673,20.86760857,30.0,27.75,-2.25
4278.0,19510101.0,20081231.0,10.23799045,9565.0,10.0,-0.237990451,326.0,345.5,19.5
4300.0,19570201.0,20230213.0,1.938037864,8325.0,15.60544539,13.66740753,607.0,588.0,-19.0
7321.0,20050901.0,20230213.0,15.01841693,16068.0,16.04753938,1.029122455,138.0,160.0,22.0
5445.0,19830201.0,20071231.0,10.1632052,16068.0,16.04753938,5.884334186,138.0,154.0,16.0
4592.0,19551021.0,20230213.0,1.616726518,9376.0,21.64357464,20.02684812,366.0,364.0,-2.0
4703.0,19510101.0,20230213.0,2.320803323,8437.0,19.58281567,17.26201235,580.0,613.875,33.875
5275.0,19851001.0,20230213.0,10.99420704,7318.0,10.0,-0.994207037,103.0,104.5,1.5
3753.0,19640101.0,19930331.0,16.67579269,5566.0,23.89675884,7.220966151,60.0,57.0,-3.0
1766.0,19820101.0,20230213.0,20.93166149,5566.0,23.89675884,2.965097352,60.0,48.1,-11.9
4977.0,19930101.0,20020430.0,10.16638639,15090.0,27.82944759,17.66306121,32.0,45.0,13.0
6273.0,20040601.0,20230213.0,10.85415998,15090.0,27.82944759,16.97528762,32.0,36.0,4.0
4166.0,19880501.0,20021231.0,9.776322406,8416.0,12.92569235,3.149369948,341.0,360.0,19.0
3278.0,20030101.0,20230213.0,16.26410416,8416.0,12.92569235,-3.338411804,341.0,362.0,21.0
4294.0,19790701.0,20021031.0,8.608573929,8416.0,12.92569235,4.317118425,341.0,349.0,8.0
5099.0,19070501.0,20230213.0,3.743921533,7211.0,10.0,6.256078467,137.0,131.5,-5.5
5146.0,19510101.0,20230213.0,3.439895066,3360.0,21.5918312,18.15193613,43.0,48.0,5.0
1757.0,18980301.0,20230213.0,1.698794067,13075.0,34.76232349,33.06352942,7.74,2.0,-5.74
6199.0,20000801.0,20230213.0,27.67377119,13075.0,34.76232349,7.088552292,7.74,17.0,9.26
6110.0,19980901.0,20040831.0,28.0164203,13075.0,34.76232349,6.745903189,7.74,11.0,3.26
6310.0,20040801.0,20230213.0,28.98383361,13075.0,34.76232349,5.778489875,7.74,1.0,-6.74
4024.0,18530701.0,20230213.0,30.37430468,13075.0,34.76232349,4.388018804,7.74,39.8,32.059999999999995
5778.0,19910101.0,20040731.0,33.92417739,13075.0,34.76232349,0.838146095,7.74,2.0,-5.74
167.0,20040901.0,20230213.0,34.81500617,13075.0,34.76232349,-0.052682688,7.74,10.0,2.26
1757.0,18980301.0,20230213.0,32.30032842,13073.0,31.61864491,-0.681683514,10.0,2.0,-8.0
6199.0,20000801.0,20230213.0,7.040192415,13073.0,31.61864491,24.57845249,10.0,17.0,7.0
4024.0,18530701.0,20230213.0,27.19418589,13073.0,31.61864491,4.424459011,10.0,39.8,29.8
298.0,19470101.0,20230213.0,23.42318918,13073.0,31.61864491,8.195455731,10.0,4.835,-5.165
5088.0,19910101.0,20001231.0,27.42352053,13073.0,31.61864491,4.19512438,10.0,2.5,-7.5
2201.0,19310414.0,20230213.0,29.57858605,13073.0,31.61864491,2.040058852,10.0,16.5,6.5
3660.0,19950224.0,20230213.0,11.41137886,7233.0,17.09584839,5.684469526,460.0,485.17,25.170000000000016
5320.0,19530101.0,19910630.0,2.167205053,8337.0,18.91809609,16.75089103,356.0,330.0,-26.0
5731.0,19610101.0,20230213.0,13.93072121,8337.0,18.91809609,4.987374876,356.0,396.25,40.25
5440.0,18790101.0,20230213.0,4.896344191,9577.0,17.53902333,12.64267914,460.0,430.65,-29.350000000000023
2451.0,19910101.0,20010831.0,22.82697671,15091.0,24.882105,2.055128291,40.0,77.0,37.0
3379.0,19540601.0,20230426.0,2.436281911,9184.0,14.42228637,11.98600446,520.0,535.0,15.0
3379.0,19540601.0,20230426.0,4.168405664,9184.0,14.42228637,10.25388071,520.0,515.37,-4.629999999999996
3385.0,19540601.0,20230426.0,7.215511281,9184.0,14.42228637,7.206775089,520.0,515.0,-5.0
3388.0,19540601.0,20230426.0,7.11588393,9184.0,14.42228637,7.30640244,520.0,542.0,22.0
3390.0,19540601.0,20230426.0,9.513909509,9184.0,14.42228637,4.908376861,520.0,529.0,9.0
3722.0,19540601.0,20230426.0,11.90315076,9184.0,14.42228637,2.519135606,520.0,484.0,-36.0
2303.0,19811001.0,20221201.0,23.98985501,1059.0,25.41714703,1.427292016,12.0,10.0,-2.0
4466.0,19811001.0,20221201.0,0.89150402,1059.0,25.41714703,24.52564301,12.0,42.7,30.700000000000003
4896.0,19811001.0,20221201.0,22.75192786,1059.0,25.41714703,2.665219172,12.0,40.0,28.0
3821.0,19840801.0,20230426.0,12.52518203,16074.0,16.13314585,3.607963821,284.0,262.0,-22.0
3821.0,19840801.0,20230426.0,13.47493053,16074.0,16.13314585,2.658215318,284.0,246.0,-38.0
3821.0,19840801.0,20230426.0,13.47493053,16074.0,16.13314585,2.658215318,284.0,244.3,-39.69999999999999
161.0,19720211.0,20230426.0,3.754280448,7138.0,14.19347221,10.43919176,60.0,75.01,15.010000000000003
2657.0,19720211.0,20230426.0,13.82341989,7138.0,14.19347221,0.370052321,60.0,72.0,12.0
5920.0,19720211.0,20230426.0,3.005891836,7138.0,14.19347221,11.18758037,60.0,91.0,31.0
3668.0,18790101.0,20230426.0,6.74966389,9573.0,10.0,3.25033611,294.0,310.4,16.399999999999977
3668.0,18790101.0,20230426.0,5.107814011,9573.0,10.0,4.892185989,294.0,314.0,20.0
3668.0,18790101.0,20230426.0,5.107814011,9573.0,10.0,4.892185989,294.0,313.81,19.81
588.0,19781101.0,20230426.0,3.440085508,5762.0,19.5356483,16.09556279,96.0,105.0,9.0
2323.0,19781101.0,20230426.0,7.404793597,5762.0,19.5356483,12.1308547,96.0,128.0,32.0
2323.0,19781101.0,20230426.0,11.67764609,5762.0,19.5356483,7.858002211,96.0,110.0,14.0
3278.0,19750101.0,20230426.0,9.53305437,8415.0,18.59493015,9.06187578,382.0,370.0,-12.0
3278.0,19750101.0,20230426.0,7.256052974,8415.0,18.59493015,11.33887718,382.0,354.0,-28.0
4166.0,19750101.0,20230426.0,2.766810833,8415.0,18.59493015,15.82811932,382.0,360.0,-22.0
4294.0,19750101.0,20230426.0,17.45189889,8415.0,18.59493015,1.143031258,382.0,358.0,-24.0
4294.0,19750101.0,20230426.0,17.33504521,8415.0,18.59493015,1.25988494,382.0,336.0,-46.0
4294.0,19750101.0,20230426.0,17.45189889,8415.0,18.59493015,1.143031258,382.0,360.0,-22.0
2712.0,19721101.0,20230426.0,1.240411559,8335.0,16.57524722,15.33483566,405.0,443.0,38.0
2712.0,19721101.0,20230426.0,1.240411559,8335.0,16.57524722,15.33483566,405.0,442.5,37.5
2712.0,19721101.0,20230426.0,4.084586095,8335.0,16.57524722,12.49066113,405.0,428.06,23.06
5138.0,19721101.0,20230426.0,10.2811473,8335.0,16.57524722,6.29409992,405.0,446.0,41.0
44.0,20070401.0,20230426.0,23.5431751,3458.0,18.23406167,-5.309113426,5.0,44.0,39.0
1503.0,20121001.0,20230426.0,22.86546758,3458.0,18.23406167,-4.631405915,5.0,5.73,0.7300000000000004
3791.0,19891001.0,20071014.0,4.896501044,3458.0,18.23406167,13.33756063,5.0,11.0,6.0
142.0,20051201.0,20230426.0,18.72795967,9174.0,13.56881205,-5.159147624,483.0,510.5,27.5
3139.0,19831101.0,20000430.0,11.03820799,9174.0,13.56881205,2.530604061,483.0,509.0,26.0
3379.0,19970708.0,20061204.0,13.8975743,9174.0,13.56881205,-0.328762252,483.0,515.37,32.370000000000005
3722.0,19760401.0,20060531.0,8.95357207,9174.0,13.56881205,4.61523998,483.0,484.0,1.0
6346.0,20050201.0,20230426.0,18.32635289,9174.0,13.56881205,-4.75754084,483.0,531.0,48.0
